{"type": "FeatureCollection", "features": [{"type": "Feature", "geometry": {"type": "Point", "coordinates": [128.156610184886, 36.587438954130185]}, "properties": {"node_id": "R001", "node_type": "road_backbone", "name": "점촌함창IC", "latitude": 36.587438954130185, "longitude": 128.156610184886, "x": 303507.4045528976, "y": 443852.2576925198, "original_node_id": "3580024101", "role": "anchor|named_interchange_or_intersection|branch|node_type_106", "nearest_backbone_node": "R001", "nearest_backbone_distance_km": 0.0, "connector_backbone_nodes": "R001"}}, {"type": "Feature", "geometry": {"type": "Point", "coordinates": [128.1112276911841, 36.69793174069319]}, "properties": {"node_id": "R002", "node_type": "road_backbone", "name": "문경새재IC", "latitude": 36.69793174069319, "longitude": 128.1112276911841, "x": 299303.92679780396, "y": 456066.50086126686, "original_node_id": "3590012506", "role": "anchor|named_interchange_or_intersection|branch|node_type_106", "nearest_backbone_node": "R002", "nearest_backbone_distance_km": 0.0, "connector_backbone_nodes": "R002"}}, {"type": "Feature", "geometry": {"type": "Point", "coordinates": [128.1523027602236, 36.58382519540017]}, "properties": {"node_id": "R003", "node_type": "road_backbone", "name": "점촌함창IC", "latitude": 36.58382519540017, "longitude": 128.1523027602236, "x": 303126.7170322139, "y": 443446.5852055046, "original_node_id": "3580023601", "role": "anchor|named_interchange_or_intersection|branch|node_type_106", "nearest_backbone_node": "R003", "nearest_backbone_distance_km": 0.0, "connector_backbone_nodes": "R003"}}, {"type": "Feature", "geometry": {"type": "Point", "coordinates": [128.16749908794347, 36.5325799823054]}, "properties": {"node_id": "R004", "node_type": "road_backbone", "name": "북상주IC", "latitude": 36.5325799823054, "longitude": 128.16749908794347, "x": 304555.8188714046, "y": 437776.00159090554, "original_node_id": "3580019201", "role": "anchor|named_interchange_or_intersection|branch|node_type_106", "nearest_backbone_node": "R004", "nearest_backbone_distance_km": 0.0, "connector_backbone_nodes": "R004"}}, {"type": "Feature", "geometry": {"type": "Point", "coordinates": [127.42427901727456, 36.59310877432778]}, "properties": {"node_id": "R005", "node_type": "road_backbone", "name": "남이JC", "latitude": 36.59310877432778, "longitude": 127.42427901727456, "x": 237966.1651999997, "y": 443942.4752999991, "original_node_id": "2830014702", "role": "anchor|named_interchange_or_intersection|branch|node_type_106", "nearest_backbone_node": "R005", "nearest_backbone_distance_km": 0.0, "connector_backbone_nodes": "R005"}}, {"type": "Feature", "geometry": {"type": "Point", "coordinates": [127.45085389140704, 37.086408549290134]}, "properties": {"node_id": "R006", "node_type": "road_backbone", "name": "일죽IC삼거리", "latitude": 37.086408549290134, "longitude": 127.45085389140704, "x": 240085.91500580593, "y": 498697.5494148731, "original_node_id": "2310021215", "role": "anchor|named_interchange_or_intersection|branch|node_type_106", "nearest_backbone_node": "R006", "nearest_backbone_distance_km": 0.0, "connector_backbone_nodes": "R006"}}, {"type": "Feature", "geometry": {"type": "Point", "coordinates": [128.09485152608235, 36.12773218717024]}, "properties": {"node_id": "R007", "node_type": "road_backbone", "name": "김천IC앞", "latitude": 36.12773218717024, "longitude": 128.09485152608235, "x": 298558.2609989768, "y": 392773.07044647227, "original_node_id": "3530110805", "role": "anchor|named_interchange_or_intersection|branch|node_type_106", "nearest_backbone_node": "R007", "nearest_backbone_distance_km": 0.0, "connector_backbone_nodes": "R007"}}, {"type": "Feature", "geometry": {"type": "Point", "coordinates": [128.23947499157688, 36.372860391594216]}, "properties": {"node_id": "R008", "node_type": "road_backbone", "name": "낙동Jct", "latitude": 36.372860391594216, "longitude": 128.23947499157688, "x": 311229.7959664518, "y": 420131.7135668276, "original_node_id": "3580025401", "role": "anchor|named_interchange_or_intersection|branch|node_type_106", "nearest_backbone_node": "R008", "nearest_backbone_distance_km": 0.0, "connector_backbone_nodes": "R008"}}, {"type": "Feature", "geometry": {"type": "Point", "coordinates": [127.1137933871101, 35.98815962014531]}, "properties": {"node_id": "R009", "node_type": "road_backbone", "name": "익산IC(남측)", "latitude": 35.98815962014531, "longitude": 127.1137933871101, "x": 210261.5670216906, "y": 376736.843722188, "original_node_id": "3120019102", "role": "anchor|named_interchange_or_intersection|branch|node_type_106", "nearest_backbone_node": "R009", "nearest_backbone_distance_km": 0.0, "connector_backbone_nodes": "R009"}}, {"type": "Feature", "geometry": {"type": "Point", "coordinates": [128.00201032461408, 36.19700620201234]}, "properties": {"node_id": "R010", "node_type": "road_backbone", "name": "추풍령IC(남측)", "latitude": 36.19700620201234, "longitude": 128.00201032461408, "x": 290121.10965129983, "y": 400370.0354566022, "original_node_id": "3530109702", "role": "anchor|named_interchange_or_intersection|branch|node_type_106", "nearest_backbone_node": "R010", "nearest_backbone_distance_km": 0.0, "connector_backbone_nodes": "R010"}}, {"type": "Feature", "geometry": {"type": "Point", "coordinates": [128.09469721056038, 36.13195163961604]}, "properties": {"node_id": "R011", "node_type": "road_backbone", "name": "김천IC(남측)", "latitude": 36.13195163961604, "longitude": 128.09469721056038, "x": 298539.0937338465, "y": 393241.1365967532, "original_node_id": "3530014202", "role": "anchor|named_interchange_or_intersection|branch|node_type_106", "nearest_backbone_node": "R011", "nearest_backbone_distance_km": 0.0, "connector_backbone_nodes": "R011"}}, {"type": "Feature", "geometry": {"type": "Point", "coordinates": [127.42885630180209, 36.570233958285506]}, "properties": {"node_id": "R012", "node_type": "road_backbone", "name": "청주JC", "latitude": 36.570233958285506, "longitude": 127.42885630180209, "x": 238387.0845999997, "y": 441405.8582000006, "original_node_id": "2830018302", "role": "anchor|named_interchange_or_intersection|branch|node_type_106", "nearest_backbone_node": "R012", "nearest_backbone_distance_km": 0.0, "connector_backbone_nodes": "R012"}}, {"type": "Feature", "geometry": {"type": "Point", "coordinates": [127.98464273279068, 36.75847833266614]}, "properties": {"node_id": "R013", "node_type": "road_backbone", "name": "적석교차로", "latitude": 36.75847833266614, "longitude": 127.98464273279068, "x": 287922.36481666693, "y": 462662.13668395666, "original_node_id": "2800135802", "role": "anchor|named_interchange_or_intersection|branch|node_type_106", "nearest_backbone_node": "R013", "nearest_backbone_distance_km": 0.0, "connector_backbone_nodes": "R013"}}, {"type": "Feature", "geometry": {"type": "Point", "coordinates": [127.82986453530074, 36.801985282403976]}, "properties": {"node_id": "R014", "node_type": "road_backbone", "name": "검승교차로", "latitude": 36.801985282403976, "longitude": 127.82986453530074, "x": 274059.4741049671, "y": 467359.4208217225, "original_node_id": "2800132602", "role": "anchor|named_interchange_or_intersection|branch|node_type_106", "nearest_backbone_node": "R014", "nearest_backbone_distance_km": 0.0, "connector_backbone_nodes": "R014"}}, {"type": "Feature", "geometry": {"type": "Point", "coordinates": [127.90269321445172, 36.780526873189345]}, "properties": {"node_id": "R015", "node_type": "road_backbone", "name": "쌍곡2교차로", "latitude": 36.780526873189345, "longitude": 127.90269321445172, "x": 280581.53190902463, "y": 465036.88996646635, "original_node_id": "2800133702", "role": "anchor|named_interchange_or_intersection|branch|node_type_106", "nearest_backbone_node": "R015", "nearest_backbone_distance_km": 0.0, "connector_backbone_nodes": "R015"}}, {"type": "Feature", "geometry": {"type": "Point", "coordinates": [127.13711671594014, 37.044565565169194]}, "properties": {"node_id": "R016", "node_type": "road_backbone", "name": "안성JC(북측)", "latitude": 37.044565565169194, "longitude": 127.13711671594014, "x": 212197.86458379336, "y": 493967.54856991465, "original_node_id": "2310014002", "role": "anchor|named_interchange_or_intersection|branch|node_type_106", "nearest_backbone_node": "R016", "nearest_backbone_distance_km": 0.0, "connector_backbone_nodes": "R016"}}, {"type": "Feature", "geometry": {"type": "Point", "coordinates": [128.66305825397893, 36.095711193171624]}, "properties": {"node_id": "R017", "node_type": "road_backbone", "name": "동군위IC", "latitude": 36.095711193171624, "longitude": 128.66305825397893, "x": 349772.5582827997, "y": 389945.5314241112, "original_node_id": "3610089902", "role": "anchor|named_interchange_or_intersection|branch|node_type_106", "nearest_backbone_node": "R017", "nearest_backbone_distance_km": 0.0, "connector_backbone_nodes": "R017"}}, {"type": "Feature", "geometry": {"type": "Point", "coordinates": [128.24643740028336, 36.367406915229424]}, "properties": {"node_id": "R018", "node_type": "road_backbone", "name": "낙동JC", "latitude": 36.367406915229424, "longitude": 128.24643740028336, "x": 311862.4365199174, "y": 419534.5607406352, "original_node_id": "3580091902", "role": "anchor|named_interchange_or_intersection|branch|node_type_106", "nearest_backbone_node": "R018", "nearest_backbone_distance_km": 0.0, "connector_backbone_nodes": "R018"}}, {"type": "Feature", "geometry": {"type": "Point", "coordinates": [128.21430362043102, 36.42003963998809]}, "properties": {"node_id": "R019", "node_type": "road_backbone", "name": "상주IC", "latitude": 36.42003963998809, "longitude": 128.21430362043102, "x": 308904.97719635145, "y": 425338.6836615097, "original_node_id": "3580012301", "role": "anchor|named_interchange_or_intersection|branch|node_type_106", "nearest_backbone_node": "R019", "nearest_backbone_distance_km": 0.0, "connector_backbone_nodes": "R019"}}, {"type": "Feature", "geometry": {"type": "Point", "coordinates": [128.2130900295645, 36.4254156188043]}, "properties": {"node_id": "R020", "node_type": "road_backbone", "name": "상주IC", "latitude": 36.4254156188043, "longitude": 128.2130900295645, "x": 308788.6304454128, "y": 425933.9098428317, "original_node_id": "3580013301", "role": "anchor|named_interchange_or_intersection|branch|node_type_106", "nearest_backbone_node": "R020", "nearest_backbone_distance_km": 0.0, "connector_backbone_nodes": "R020"}}, {"type": "Feature", "geometry": {"type": "Point", "coordinates": [128.17185273214872, 36.52854091633443]}, "properties": {"node_id": "R021", "node_type": "road_backbone", "name": "북상주IC", "latitude": 36.52854091633443, "longitude": 128.17185273214872, "x": 304951.1849053276, "y": 437332.5024573379, "original_node_id": "3580018901", "role": "anchor|named_interchange_or_intersection|branch|node_type_106", "nearest_backbone_node": "R021", "nearest_backbone_distance_km": 0.0, "connector_backbone_nodes": "R021"}}, {"type": "Feature", "geometry": {"type": "Point", "coordinates": [127.09709381272272, 35.95029565949491]}, "properties": {"node_id": "R022", "node_type": "road_backbone", "name": "익산JC", "latitude": 35.95029565949491, "longitude": 127.09709381272272, "x": 208759.82767226192, "y": 372533.8876654077, "original_node_id": "3080137502", "role": "anchor|named_interchange_or_intersection|branch|node_type_106", "nearest_backbone_node": "R022", "nearest_backbone_distance_km": 0.0, "connector_backbone_nodes": "R022"}}, {"type": "Feature", "geometry": {"type": "Point", "coordinates": [127.61838443505032, 36.98515029010112]}, "properties": {"node_id": "R023", "node_type": "road_backbone", "name": "음성IC교차로", "latitude": 36.98515029010112, "longitude": 127.61838443505032, "x": 255054.43269907287, "y": 487543.71186233714, "original_node_id": "2810025001", "role": "anchor|named_interchange_or_intersection|branch|node_type_106", "nearest_backbone_node": "R023", "nearest_backbone_distance_km": 0.0, "connector_backbone_nodes": "R023"}}, {"type": "Feature", "geometry": {"type": "Point", "coordinates": [127.15334893688156, 36.99681521692905]}, "properties": {"node_id": "R024", "node_type": "road_backbone", "name": "안성IC(북측)", "latitude": 36.99681521692905, "longitude": 127.15334893688156, "x": 213650.4190408239, "y": 488670.50880353287, "original_node_id": "2310003202", "role": "anchor|named_interchange_or_intersection|branch|node_type_106", "nearest_backbone_node": "R024", "nearest_backbone_distance_km": 0.0, "connector_backbone_nodes": "R024"}}, {"type": "Feature", "geometry": {"type": "Point", "coordinates": [127.14155342448896, 37.02625552092633]}, "properties": {"node_id": "R025", "node_type": "road_backbone", "name": "안성JC(남측)", "latitude": 37.02625552092633, "longitude": 127.14155342448896, "x": 212595.57689765512, "y": 491936.1073926271, "original_node_id": "2140014601", "role": "anchor|named_interchange_or_intersection|branch|node_type_106", "nearest_backbone_node": "R025", "nearest_backbone_distance_km": 0.0, "connector_backbone_nodes": "R025"}}, {"type": "Feature", "geometry": {"type": "Point", "coordinates": [128.65628608036667, 35.91452991999719]}, "properties": {"node_id": "R026", "node_type": "road_backbone", "name": "도동JC", "latitude": 35.91452991999719, "longitude": 128.65628608036667, "x": 349504.38819015725, "y": 369828.79187693424, "original_node_id": "1510018701", "role": "anchor|named_interchange_or_intersection|branch|node_type_106", "nearest_backbone_node": "R026", "nearest_backbone_distance_km": 0.0, "connector_backbone_nodes": "R026"}}, {"type": "Feature", "geometry": {"type": "Point", "coordinates": [128.11469744189978, 36.701291709495344]}, "properties": {"node_id": "R027", "node_type": "road_backbone", "name": "문경새재IC", "latitude": 36.701291709495344, "longitude": 128.11469744189978, "x": 299609.673438619, "y": 456442.98370796227, "original_node_id": "3590012601", "role": "anchor|named_interchange_or_intersection|branch|node_type_106", "nearest_backbone_node": "R027", "nearest_backbone_distance_km": 0.0, "connector_backbone_nodes": "R027"}}, {"type": "Feature", "geometry": {"type": "Point", "coordinates": [128.8122665900332, 36.037132492257925]}, "properties": {"node_id": "R028", "node_type": "road_backbone", "name": "신녕IC교차로", "latitude": 36.037132492257925, "longitude": 128.8122665900332, "x": 363332.4615000002, "y": 383684.8080000002, "original_node_id": "3570849602", "role": "anchor|named_interchange_or_intersection|branch|node_type_106", "nearest_backbone_node": "R028", "nearest_backbone_distance_km": 0.0, "connector_backbone_nodes": "R028"}}, {"type": "Feature", "geometry": {"type": "Point", "coordinates": [127.16747674491668, 36.82468230491583]}, "properties": {"node_id": "R029", "node_type": "road_backbone", "name": "천안IC", "latitude": 36.82468230491583, "longitude": 127.16747674491668, "x": 214941.54704240547, "y": 469569.9876671784, "original_node_id": "3010090302", "role": "anchor|named_interchange_or_intersection|branch|node_type_106", "nearest_backbone_node": "R029", "nearest_backbone_distance_km": 0.0, "connector_backbone_nodes": "R029"}}, {"type": "Feature", "geometry": {"type": "Point", "coordinates": [128.8123989274965, 36.037146103651686]}, "properties": {"node_id": "R030", "node_type": "road_backbone", "name": "신녕IC교차로", "latitude": 36.037146103651686, "longitude": 128.8123989274965, "x": 363344.3616699905, "y": 383686.5405979268, "original_node_id": "3570849601", "role": "anchor|named_interchange_or_intersection|branch|node_type_106", "nearest_backbone_node": "R030", "nearest_backbone_distance_km": 0.0, "connector_backbone_nodes": "R030"}}, {"type": "Feature", "geometry": {"type": "Point", "coordinates": [128.81041895096783, 36.041004458866375]}, "properties": {"node_id": "R031", "node_type": "road_backbone", "name": "신녕IC", "latitude": 36.041004458866375, "longitude": 128.81041895096783, "x": 363157.9330000002, "y": 384111.4085000008, "original_node_id": "3570849402", "role": "anchor|named_interchange_or_intersection|branch|node_type_106", "nearest_backbone_node": "R031", "nearest_backbone_distance_km": 0.0, "connector_backbone_nodes": "R031"}}, {"type": "Feature", "geometry": {"type": "Point", "coordinates": [128.371503748106, 35.76045571960374]}, "properties": {"node_id": "R032", "node_type": "road_backbone", "name": "고령JC", "latitude": 35.76045571960374, "longitude": 128.371503748106, "x": 324036.5136059894, "y": 352333.25136414816, "original_node_id": "3670008501", "role": "anchor|named_interchange_or_intersection|branch|node_type_106", "nearest_backbone_node": "R032", "nearest_backbone_distance_km": 0.0, "connector_backbone_nodes": "R032"}}, {"type": "Feature", "geometry": {"type": "Point", "coordinates": [127.8356666129268, 36.26743629402015]}, "properties": {"node_id": "R033", "node_type": "road_backbone", "name": "영동IC(남측)", "latitude": 36.26743629402015, "longitude": 127.8356666129268, "x": 275092.37119999994, "y": 408043.7371999994, "original_node_id": "2770102901", "role": "anchor|named_interchange_or_intersection|branch|node_type_106", "nearest_backbone_node": "R033", "nearest_backbone_distance_km": 0.0, "connector_backbone_nodes": "R033"}}, {"type": "Feature", "geometry": {"type": "Point", "coordinates": [127.90571718425969, 36.22183977626684]}, "properties": {"node_id": "R034", "node_type": "road_backbone", "name": "황간IC", "latitude": 36.22183977626684, "longitude": 127.90571718425969, "x": 281434.5081000002, "y": 403040.5862000007, "original_node_id": "2770105201", "role": "anchor|named_interchange_or_intersection|branch|node_type_106", "nearest_backbone_node": "R034", "nearest_backbone_distance_km": 0.0, "connector_backbone_nodes": "R034"}}, {"type": "Feature", "geometry": {"type": "Point", "coordinates": [127.91206808205136, 36.22241443448485]}, "properties": {"node_id": "R035", "node_type": "road_backbone", "name": "황간IC(동측)", "latitude": 36.22241443448485, "longitude": 127.91206808205136, "x": 282004.9424112965, "y": 403109.707718928, "original_node_id": "2770105301", "role": "anchor|named_interchange_or_intersection|branch|node_type_106", "nearest_backbone_node": "R035", "nearest_backbone_distance_km": 0.0, "connector_backbone_nodes": "R035"}}, {"type": "Feature", "geometry": {"type": "Point", "coordinates": [128.00113392216826, 36.20406739852911]}, "properties": {"node_id": "R036", "node_type": "road_backbone", "name": "추풍령IC(북측)", "latitude": 36.20406739852911, "longitude": 128.00113392216826, "x": 290034.1961999996, "y": 401152.7876999986, "original_node_id": "3530109401", "role": "anchor|named_interchange_or_intersection|branch|node_type_106", "nearest_backbone_node": "R036", "nearest_backbone_distance_km": 0.0, "connector_backbone_nodes": "R036"}}, {"type": "Feature", "geometry": {"type": "Point", "coordinates": [128.09194786524031, 36.13390610667996]}, "properties": {"node_id": "R037", "node_type": "road_backbone", "name": "김천IC(서측)", "latitude": 36.13390610667996, "longitude": 128.09194786524031, "x": 298289.1648000004, "y": 393455.2342000008, "original_node_id": "3530110501", "role": "anchor|named_interchange_or_intersection|branch|node_type_106", "nearest_backbone_node": "R037", "nearest_backbone_distance_km": 0.0, "connector_backbone_nodes": "R037"}}, {"type": "Feature", "geometry": {"type": "Point", "coordinates": [128.09497695771245, 36.12777156428802]}, "properties": {"node_id": "R038", "node_type": "road_backbone", "name": "김천IC앞", "latitude": 36.12777156428802, "longitude": 128.09497695771245, "x": 298569.5035050715, "y": 392777.56726981193, "original_node_id": "3530110802", "role": "anchor|named_interchange_or_intersection|branch|node_type_106", "nearest_backbone_node": "R038", "nearest_backbone_distance_km": 0.0, "connector_backbone_nodes": "R038"}}, {"type": "Feature", "geometry": {"type": "Point", "coordinates": [128.43569674515243, 35.66807515794538]}, "properties": {"node_id": "R039", "node_type": "road_backbone", "name": "현풍JC", "latitude": 35.66807515794538, "longitude": 128.43569674515243, "x": 329992.3765171835, "y": 342165.3864129403, "original_node_id": "1570012601", "role": "anchor|named_interchange_or_intersection|branch|node_type_106", "nearest_backbone_node": "R039", "nearest_backbone_distance_km": 0.0, "connector_backbone_nodes": "R039"}}, {"type": "Feature", "geometry": {"type": "Point", "coordinates": [127.43492860234085, 37.08088076253459]}, "properties": {"node_id": "R040", "node_type": "road_backbone", "name": "죽산교차로", "latitude": 37.08088076253459, "longitude": 127.43492860234085, "x": 238672.7804629561, "y": 498077.4748953468, "original_node_id": "2310020305", "role": "anchor|named_interchange_or_intersection|branch|node_type_106", "nearest_backbone_node": "R040", "nearest_backbone_distance_km": 0.0, "connector_backbone_nodes": "R040"}}, {"type": "Feature", "geometry": {"type": "Point", "coordinates": [127.99891954383452, 36.757268958169774]}, "properties": {"node_id": "R041", "node_type": "road_backbone", "name": "연풍IC교차로", "latitude": 36.757268958169774, "longitude": 127.99891954383452, "x": 289198.6308741616, "y": 462541.1304026142, "original_node_id": "2800135901", "role": "anchor|named_interchange_or_intersection|branch|node_type_106", "nearest_backbone_node": "R041", "nearest_backbone_distance_km": 0.0, "connector_backbone_nodes": "R041"}}, {"type": "Feature", "geometry": {"type": "Point", "coordinates": [127.97719819973524, 36.758854739149655]}, "properties": {"node_id": "R042", "node_type": "road_backbone", "name": "적석교차로", "latitude": 36.758854739149655, "longitude": 127.97719819973524, "x": 287257.17019058287, "y": 462697.0978597113, "original_node_id": "2800135601", "role": "anchor|named_interchange_or_intersection|branch|node_type_106", "nearest_backbone_node": "R042", "nearest_backbone_distance_km": 0.0, "connector_backbone_nodes": "R042"}}, {"type": "Feature", "geometry": {"type": "Point", "coordinates": [127.8122716647325, 36.80936725558232]}, "properties": {"node_id": "R043", "node_type": "road_backbone", "name": "동진교차로", "latitude": 36.80936725558232, "longitude": 127.8122716647325, "x": 272482.4474396204, "y": 468165.17204091046, "original_node_id": "2800132202", "role": "anchor|named_interchange_or_intersection|branch|node_type_106", "nearest_backbone_node": "R043", "nearest_backbone_distance_km": 0.0, "connector_backbone_nodes": "R043"}}, {"type": "Feature", "geometry": {"type": "Point", "coordinates": [127.82546871001632, 36.8035336902271]}, "properties": {"node_id": "R044", "node_type": "road_backbone", "name": "검승교차로", "latitude": 36.8035336902271, "longitude": 127.82546871001632, "x": 273665.68718462565, "y": 467527.8637574119, "original_node_id": "2800132307", "role": "anchor|named_interchange_or_intersection|branch|node_type_106", "nearest_backbone_node": "R044", "nearest_backbone_distance_km": 0.0, "connector_backbone_nodes": "R044"}}, {"type": "Feature", "geometry": {"type": "Point", "coordinates": [127.85404600586614, 36.79060653128961]}, "properties": {"node_id": "R045", "node_type": "road_backbone", "name": "칠성교차로", "latitude": 36.79060653128961, "longitude": 127.85404600586614, "x": 276228.8175545663, "y": 466115.63608056394, "original_node_id": "2800133002", "role": "anchor|named_interchange_or_intersection|branch|node_type_106", "nearest_backbone_node": "R045", "nearest_backbone_distance_km": 0.0, "connector_backbone_nodes": "R045"}}, {"type": "Feature", "geometry": {"type": "Point", "coordinates": [127.8121456688546, 36.80938374915422]}, "properties": {"node_id": "R046", "node_type": "road_backbone", "name": "동진교차로", "latitude": 36.80938374915422, "longitude": 127.8121456688546, "x": 272471.18853200995, "y": 468166.9069508184, "original_node_id": "2800132203", "role": "anchor|named_interchange_or_intersection|branch|node_type_106", "nearest_backbone_node": "R046", "nearest_backbone_distance_km": 0.0, "connector_backbone_nodes": "R046"}}, {"type": "Feature", "geometry": {"type": "Point", "coordinates": [127.8481301918743, 36.79244212733117]}, "properties": {"node_id": "R047", "node_type": "road_backbone", "name": "칠성교차로", "latitude": 36.79244212733117, "longitude": 127.8481301918743, "x": 275698.9779159677, "y": 466314.64760753734, "original_node_id": "2800132702", "role": "anchor|named_interchange_or_intersection|branch|node_type_106", "nearest_backbone_node": "R047", "nearest_backbone_distance_km": 0.0, "connector_backbone_nodes": "R047"}}, {"type": "Feature", "geometry": {"type": "Point", "coordinates": [127.88209696018058, 36.78177620710401]}, "properties": {"node_id": "R048", "node_type": "road_backbone", "name": "쌍곡1교차로", "latitude": 36.78177620710401, "longitude": 127.88209696018058, "x": 278741.6272706515, "y": 465158.38981107855, "original_node_id": "2800133307", "role": "anchor|named_interchange_or_intersection|branch|node_type_106", "nearest_backbone_node": "R048", "nearest_backbone_distance_km": 0.0, "connector_backbone_nodes": "R048"}}, {"type": "Feature", "geometry": {"type": "Point", "coordinates": [127.10180372261796, 36.07600835431453]}, "properties": {"node_id": "R049", "node_type": "road_backbone", "name": "논산JC", "latitude": 36.07600835431453, "longitude": 127.10180372261796, "x": 209170.1843359657, "y": 386483.3131880316, "original_node_id": "3080140302", "role": "anchor|named_interchange_or_intersection|branch|node_type_106", "nearest_backbone_node": "R049", "nearest_backbone_distance_km": 0.0, "connector_backbone_nodes": "R049"}}, {"type": "Feature", "geometry": {"type": "Point", "coordinates": [127.11331312823566, 35.994484221169145]}, "properties": {"node_id": "R050", "node_type": "road_backbone", "name": "익산IC(북측)", "latitude": 35.994484221169145, "longitude": 127.11331312823566, "x": 210217.44300366865, "y": 377438.5641060144, "original_node_id": "3120019302", "role": "anchor|named_interchange_or_intersection|branch|node_type_106", "nearest_backbone_node": "R050", "nearest_backbone_distance_km": 0.0, "connector_backbone_nodes": "R050"}}, {"type": "Feature", "geometry": {"type": "Point", "coordinates": [128.8078888691198, 36.04368929724763]}, "properties": {"node_id": "R051", "node_type": "road_backbone", "name": "신녕IC", "latitude": 36.04368929724763, "longitude": 128.8078888691198, "x": 362924.3607916311, "y": 384405.1256928821, "original_node_id": "3570849202", "role": "anchor|named_interchange_or_intersection|branch|node_type_106", "nearest_backbone_node": "R051", "nearest_backbone_distance_km": 0.0, "connector_backbone_nodes": "R051"}}, {"type": "Feature", "geometry": {"type": "Point", "coordinates": [128.26923678586823, 36.37524463790464]}, "properties": {"node_id": "R052", "node_type": "road_backbone", "name": "상주JC", "latitude": 36.37524463790464, "longitude": 128.26923678586823, "x": 313897.2554352656, "y": 420430.98592862627, "original_node_id": "3580108301", "role": "anchor|named_interchange_or_intersection|branch|node_type_106", "nearest_backbone_node": "R052", "nearest_backbone_distance_km": 0.0, "connector_backbone_nodes": "R052"}}, {"type": "Feature", "geometry": {"type": "Point", "coordinates": [128.52223962084247, 35.853319915517204]}, "properties": {"node_id": "R053", "node_type": "road_backbone", "name": "성서IC", "latitude": 35.853319915517204, "longitude": 128.52223962084247, "x": 337509.5736049871, "y": 362839.432770216, "original_node_id": "1560004001", "role": "anchor|named_interchange_or_intersection|branch|node_type_106", "nearest_backbone_node": "R053", "nearest_backbone_distance_km": 0.0, "connector_backbone_nodes": "R053"}}, {"type": "Feature", "geometry": {"type": "Point", "coordinates": [127.17253483995457, 36.83117832373901]}, "properties": {"node_id": "R054", "node_type": "road_backbone", "name": "천안IC", "latitude": 36.83117832373901, "longitude": 127.17253483995457, "x": 215391.50744586883, "y": 470291.683054915, "original_node_id": "3010092701", "role": "anchor|named_interchange_or_intersection|branch|node_type_106", "nearest_backbone_node": "R054", "nearest_backbone_distance_km": 0.0, "connector_backbone_nodes": "R054"}}, {"type": "Feature", "geometry": {"type": "Point", "coordinates": [127.18927470295873, 36.895280943952415]}, "properties": {"node_id": "R055", "node_type": "road_backbone", "name": "북천안IC", "latitude": 36.895280943952415, "longitude": 127.18927470295873, "x": 216870.74251317471, "y": 477408.31396960886, "original_node_id": "3020169301", "role": "anchor|named_interchange_or_intersection|branch|node_type_106", "nearest_backbone_node": "R055", "nearest_backbone_distance_km": 0.0, "connector_backbone_nodes": "R055"}}, {"type": "Feature", "geometry": {"type": "Point", "coordinates": [127.18924093533236, 36.900070890564024]}, "properties": {"node_id": "R056", "node_type": "road_backbone", "name": "북천안IC", "latitude": 36.900070890564024, "longitude": 127.18924093533236, "x": 216866.6785704748, "y": 477939.87661837734, "original_node_id": "3020169201", "role": "anchor|named_interchange_or_intersection|branch|node_type_106", "nearest_backbone_node": "R056", "nearest_backbone_distance_km": 0.0, "connector_backbone_nodes": "R056"}}, {"type": "Feature", "geometry": {"type": "Point", "coordinates": [127.155325409994, 36.99165762951289]}, "properties": {"node_id": "R057", "node_type": "road_backbone", "name": "안성IC(남측)", "latitude": 36.99165762951289, "longitude": 127.155325409994, "x": 213827.28943325175, "y": 488098.4170750493, "original_node_id": "2310002701", "role": "anchor|named_interchange_or_intersection|branch|node_type_106", "nearest_backbone_node": "R057", "nearest_backbone_distance_km": 0.0, "connector_backbone_nodes": "R057"}}, {"type": "Feature", "geometry": {"type": "Point", "coordinates": [127.08942967778486, 36.48115389964531]}, "properties": {"node_id": "R058", "node_type": "road_backbone", "name": "공주분기점", "latitude": 36.48115389964531, "longitude": 127.08942967778486, "x": 208014.0454132532, "y": 431438.8754537599, "original_node_id": "2860033802", "role": "anchor|named_interchange_or_intersection|branch|node_type_106", "nearest_backbone_node": "R058", "nearest_backbone_distance_km": 0.0, "connector_backbone_nodes": "R058"}}, {"type": "Feature", "geometry": {"type": "Point", "coordinates": [127.10406750226372, 36.50309975944489]}, "properties": {"node_id": "R059", "node_type": "road_backbone", "name": "공주IC", "latitude": 36.50309975944489, "longitude": 127.10406750226372, "x": 209323.15192935773, "y": 433875.4850174976, "original_node_id": "2860036101", "role": "anchor|named_interchange_or_intersection|branch|node_type_106", "nearest_backbone_node": "R059", "nearest_backbone_distance_km": 0.0, "connector_backbone_nodes": "R059"}}, {"type": "Feature", "geometry": {"type": "Point", "coordinates": [128.52784005726662, 35.83797038788472]}, "properties": {"node_id": "R060", "node_type": "road_backbone", "name": "남대구IC", "latitude": 35.83797038788472, "longitude": 128.52784005726662, "x": 338042.12447116774, "y": 361144.00601286336, "original_node_id": "1560001601", "role": "anchor|named_interchange_or_intersection|branch|node_type_106", "nearest_backbone_node": "R060", "nearest_backbone_distance_km": 0.0, "connector_backbone_nodes": "R060"}}, {"type": "Feature", "geometry": {"type": "Point", "coordinates": [128.52490596997052, 35.845166500387904]}, "properties": {"node_id": "R061", "node_type": "road_backbone", "name": "성서IC", "latitude": 35.845166500387904, "longitude": 128.52490596997052, "x": 337764.55888903834, "y": 361938.41178887145, "original_node_id": "1560001704", "role": "anchor|named_interchange_or_intersection|branch|node_type_106", "nearest_backbone_node": "R061", "nearest_backbone_distance_km": 0.0, "connector_backbone_nodes": "R061"}}, {"type": "Feature", "geometry": {"type": "Point", "coordinates": [128.50258609121877, 35.811905393436476]}, "properties": {"node_id": "R062", "node_type": "road_backbone", "name": "유천IC(남측)", "latitude": 35.811905393436476, "longitude": 128.50258609121877, "x": 335804.639719393, "y": 358216.28847299283, "original_node_id": "1570186101", "role": "anchor|named_interchange_or_intersection|branch|node_type_106", "nearest_backbone_node": "R062", "nearest_backbone_distance_km": 0.0, "connector_backbone_nodes": "R062"}}, {"type": "Feature", "geometry": {"type": "Point", "coordinates": [127.13777413474156, 36.721445942406376]}, "properties": {"node_id": "R063", "node_type": "road_backbone", "name": "남풍세IC", "latitude": 36.721445942406376, "longitude": 127.13777413474156, "x": 212308.09951453423, "y": 458109.2577226642, "original_node_id": "3010051801", "role": "anchor|named_interchange_or_intersection|branch|node_type_106", "nearest_backbone_node": "R063", "nearest_backbone_distance_km": 0.0, "connector_backbone_nodes": "R063"}}, {"type": "Feature", "geometry": {"type": "Point", "coordinates": [127.12047259950452, 36.62790401893978]}, "properties": {"node_id": "R064", "node_type": "road_backbone", "name": "정안IC", "latitude": 36.62790401893978, "longitude": 127.12047259950452, "x": 210775.49657666063, "y": 447726.6755803272, "original_node_id": "2860027301", "role": "anchor|named_interchange_or_intersection|branch|node_type_106", "nearest_backbone_node": "R064", "nearest_backbone_distance_km": 0.0, "connector_backbone_nodes": "R064"}}, {"type": "Feature", "geometry": {"type": "Point", "coordinates": [128.32042943508785, 36.31590743018555]}, "properties": {"node_id": "R065", "node_type": "road_backbone", "name": "도개IC", "latitude": 36.31590743018555, "longitude": 128.32042943508785, "x": 318581.31299982744, "y": 413907.6675083304, "original_node_id": "3550145701", "role": "anchor|named_interchange_or_intersection|branch|node_type_106", "nearest_backbone_node": "R065", "nearest_backbone_distance_km": 0.0, "connector_backbone_nodes": "R065"}}, {"type": "Feature", "geometry": {"type": "Point", "coordinates": [127.47553770998928, 36.86651440683902]}, "properties": {"node_id": "R066", "node_type": "road_backbone", "name": "진천IC", "latitude": 36.86651440683902, "longitude": 127.47553770998928, "x": 242402.42274271636, "y": 474304.7774691573, "original_node_id": "2790006802", "role": "anchor|named_interchange_or_intersection|branch|node_type_106", "nearest_backbone_node": "R066", "nearest_backbone_distance_km": 0.0, "connector_backbone_nodes": "R066"}}, {"type": "Feature", "geometry": {"type": "Point", "coordinates": [128.8155938056297, 36.03722256851519]}, "properties": {"node_id": "R067", "node_type": "road_backbone", "name": "신녕IC교차로", "latitude": 36.03722256851519, "longitude": 128.8155938056297, "x": 363632.17507103464, "y": 383700.39200833184, "original_node_id": "3570849902", "role": "anchor|named_interchange_or_intersection|branch|node_type_106", "nearest_backbone_node": "R067", "nearest_backbone_distance_km": 0.0, "connector_backbone_nodes": "R067"}}, {"type": "Feature", "geometry": {"type": "Point", "coordinates": [127.08415106332905, 35.939474223747574]}, "properties": {"node_id": "R068", "node_type": "road_backbone", "name": "익산JC", "latitude": 35.939474223747574, "longitude": 127.08415106332905, "x": 207593.16455336375, "y": 371332.0783295891, "original_node_id": "3080137402", "role": "anchor|named_interchange_or_intersection|branch|node_type_106", "nearest_backbone_node": "R068", "nearest_backbone_distance_km": 0.0, "connector_backbone_nodes": "R068"}}, {"type": "Feature", "geometry": {"type": "Point", "coordinates": [127.0776690782043, 35.92333707395921]}, "properties": {"node_id": "R069", "node_type": "road_backbone", "name": "삼례IC(남측)", "latitude": 35.92333707395921, "longitude": 127.0776690782043, "x": 207009.7027620178, "y": 369541.0515371968, "original_node_id": "3080002102", "role": "anchor|named_interchange_or_intersection|branch|node_type_106", "nearest_backbone_node": "R069", "nearest_backbone_distance_km": 0.0, "connector_backbone_nodes": "R069"}}, {"type": "Feature", "geometry": {"type": "Point", "coordinates": [127.08957278790484, 36.48110517556175]}, "properties": {"node_id": "R070", "node_type": "road_backbone", "name": "공주분기점", "latitude": 36.48110517556175, "longitude": 127.08957278790484, "x": 208026.87494305213, "y": 431433.4805512461, "original_node_id": "2860033801", "role": "anchor|named_interchange_or_intersection|branch|node_type_106", "nearest_backbone_node": "R070", "nearest_backbone_distance_km": 0.0, "connector_backbone_nodes": "R070"}}, {"type": "Feature", "geometry": {"type": "Point", "coordinates": [128.4779727167241, 36.24747862368556]}, "properties": {"node_id": "R071", "node_type": "road_backbone", "name": "서군위하이패스IC", "latitude": 36.24747862368556, "longitude": 128.4779727167241, "x": 332846.3441169831, "y": 406518.43058699014, "original_node_id": "3610090301", "role": "anchor|named_interchange_or_intersection|branch|node_type_106", "nearest_backbone_node": "R071", "nearest_backbone_distance_km": 0.0, "connector_backbone_nodes": "R071"}}, {"type": "Feature", "geometry": {"type": "Point", "coordinates": [127.07978491665963, 36.42916959662197]}, "properties": {"node_id": "R072", "node_type": "road_backbone", "name": "남공주IC", "latitude": 36.42916959662197, "longitude": 127.07978491665963, "x": 207154.52404941444, "y": 425669.5488892941, "original_node_id": "2860011301", "role": "anchor|named_interchange_or_intersection|branch|node_type_106", "nearest_backbone_node": "R072", "nearest_backbone_distance_km": 0.0, "connector_backbone_nodes": "R072"}}, {"type": "Feature", "geometry": {"type": "Point", "coordinates": [128.65900089660275, 36.0993479820504]}, "properties": {"node_id": "R073", "node_type": "road_backbone", "name": "동군위IC", "latitude": 36.0993479820504, "longitude": 128.65900089660275, "x": 349400.24023899814, "y": 390342.8815788615, "original_node_id": "3610089501", "role": "anchor|named_interchange_or_intersection|branch|node_type_106", "nearest_backbone_node": "R073", "nearest_backbone_distance_km": 0.0, "connector_backbone_nodes": "R073"}}, {"type": "Feature", "geometry": {"type": "Point", "coordinates": [127.16785233970874, 36.824536638007295]}, "properties": {"node_id": "R074", "node_type": "road_backbone", "name": "천안IC", "latitude": 36.824536638007295, "longitude": 127.16785233970874, "x": 214975.08438863177, "y": 469553.881128362, "original_node_id": "3010090301", "role": "anchor|named_interchange_or_intersection|branch|node_type_106", "nearest_backbone_node": "R074", "nearest_backbone_distance_km": 0.0, "connector_backbone_nodes": "R074"}}, {"type": "Feature", "geometry": {"type": "Point", "coordinates": [127.42441195522235, 36.59318974308798]}, "properties": {"node_id": "R075", "node_type": "road_backbone", "name": "남이JC", "latitude": 36.59318974308798, "longitude": 127.42441195522235, "x": 237978.02139999997, "y": 443951.51300000027, "original_node_id": "2830014701", "role": "anchor|named_interchange_or_intersection|branch|node_type_106", "nearest_backbone_node": "R075", "nearest_backbone_distance_km": 0.0, "connector_backbone_nodes": "R075"}}, {"type": "Feature", "geometry": {"type": "Point", "coordinates": [127.42900343015955, 36.570282003099216]}, "properties": {"node_id": "R076", "node_type": "road_backbone", "name": "청주JC", "latitude": 36.570282003099216, "longitude": 127.42900343015955, "x": 238400.23039999977, "y": 441411.2485000007, "original_node_id": "2830018301", "role": "anchor|named_interchange_or_intersection|branch|node_type_106", "nearest_backbone_node": "R076", "nearest_backbone_distance_km": 0.0, "connector_backbone_nodes": "R076"}}, {"type": "Feature", "geometry": {"type": "Point", "coordinates": [127.62209645787576, 36.97944820754422]}, "properties": {"node_id": "R077", "node_type": "road_backbone", "name": "음성IC교차로", "latitude": 36.97944820754422, "longitude": 127.62209645787576, "x": 255389.04914353305, "y": 486913.0520426048, "original_node_id": "2810024701", "role": "anchor|named_interchange_or_intersection|branch|node_type_106", "nearest_backbone_node": "R077", "nearest_backbone_distance_km": 0.0, "connector_backbone_nodes": "R077"}}, {"type": "Feature", "geometry": {"type": "Point", "coordinates": [127.4509877002837, 37.0863332160685]}, "properties": {"node_id": "R078", "node_type": "road_backbone", "name": "일죽IC삼거리", "latitude": 37.0863332160685, "longitude": 127.4509877002837, "x": 240097.8518516014, "y": 498689.2453808157, "original_node_id": "2310021213", "role": "anchor|named_interchange_or_intersection|branch|node_type_106", "nearest_backbone_node": "R078", "nearest_backbone_distance_km": 0.0, "connector_backbone_nodes": "R078"}}, {"type": "Feature", "geometry": {"type": "Point", "coordinates": [127.4508827427588, 37.086297963851386]}, "properties": {"node_id": "R079", "node_type": "road_backbone", "name": "일죽IC삼거리", "latitude": 37.086297963851386, "longitude": 127.4508827427588, "x": 240088.5384661103, "y": 498685.28879271867, "original_node_id": "2310021214", "role": "anchor|named_interchange_or_intersection|branch|node_type_106", "nearest_backbone_node": "R079", "nearest_backbone_distance_km": 0.0, "connector_backbone_nodes": "R079"}}, {"type": "Feature", "geometry": {"type": "Point", "coordinates": [127.17749092910871, 36.774983964681795]}, "properties": {"node_id": "R080", "node_type": "road_backbone", "name": "천안JC", "latitude": 36.774983964681795, "longitude": 127.17749092910871, "x": 215845.20416157713, "y": 464056.3737961002, "original_node_id": "3010095602", "role": "anchor|named_interchange_or_intersection|branch|node_type_101", "nearest_backbone_node": "R080", "nearest_backbone_distance_km": 0.0, "connector_backbone_nodes": "R080"}}, {"type": "Feature", "geometry": {"type": "Point", "coordinates": [128.476040101969, 35.54629721838311]}, "properties": {"node_id": "R081", "node_type": "road_backbone", "name": "창녕IC", "latitude": 35.54629721838311, "longitude": 128.476040101969, "x": 333848.17233195156, "y": 328706.5920362724, "original_node_id": "3910015901", "role": "anchor|named_interchange_or_intersection|branch|node_type_106", "nearest_backbone_node": "R081", "nearest_backbone_distance_km": 0.0, "connector_backbone_nodes": "R081"}}, {"type": "Feature", "geometry": {"type": "Point", "coordinates": [128.4763137956636, 35.54473785760539]}, "properties": {"node_id": "R082", "node_type": "road_backbone", "name": "창녕IC(북측)", "latitude": 35.54473785760539, "longitude": 128.4763137956636, "x": 333875.5853000004, "y": 328533.9331, "original_node_id": "3910146600", "role": "anchor|named_interchange_or_intersection|branch|node_type_106", "nearest_backbone_node": "R082", "nearest_backbone_distance_km": 0.0, "connector_backbone_nodes": "R082"}}, {"type": "Feature", "geometry": {"type": "Point", "coordinates": [126.79807695384709, 36.01235071106646]}, "properties": {"node_id": "R083", "node_type": "road_backbone", "name": "군산IC(북측)", "latitude": 36.01235071106646, "longitude": 126.79807695384709, "x": 181796.70100000035, "y": 379433.93480000086, "original_node_id": "3070024802", "role": "anchor|named_interchange_or_intersection|branch|node_type_106", "nearest_backbone_node": "R083", "nearest_backbone_distance_km": 0.0, "connector_backbone_nodes": "R083"}}, {"type": "Feature", "geometry": {"type": "Point", "coordinates": [127.11351881733802, 35.99450424325771]}, "properties": {"node_id": "R084", "node_type": "road_backbone", "name": "익산IC(북측)", "latitude": 35.99450424325771, "longitude": 127.11351881733802, "x": 210235.98740748895, "y": 377440.8073130559, "original_node_id": "3120019301", "role": "anchor|named_interchange_or_intersection|branch|node_type_106", "nearest_backbone_node": "R084", "nearest_backbone_distance_km": 0.0, "connector_backbone_nodes": "R084"}}, {"type": "Feature", "geometry": {"type": "Point", "coordinates": [127.09840965710806, 37.40228328532088]}, "properties": {"node_id": "R085", "node_type": "road_backbone", "name": "판교JC(남측)", "latitude": 37.40228328532088, "longitude": 127.09840965710806, "x": 208713.24581695703, "y": 533663.4699006402, "original_node_id": "2060004901", "role": "anchor|named_interchange_or_intersection|branch|node_type_106", "nearest_backbone_node": "R085", "nearest_backbone_distance_km": 0.0, "connector_backbone_nodes": "R085"}}, {"type": "Feature", "geometry": {"type": "Point", "coordinates": [128.6606822273939, 36.09736435149866]}, "properties": {"node_id": "R086", "node_type": "road_backbone", "name": "동군위IC", "latitude": 36.09736435149866, "longitude": 128.6606822273939, "x": 349555.4247000003, "y": 390125.3331000004, "original_node_id": "3610089602", "role": "anchor|named_interchange_or_intersection|branch|node_type_106", "nearest_backbone_node": "R086", "nearest_backbone_distance_km": 0.0, "connector_backbone_nodes": "R086"}}, {"type": "Feature", "geometry": {"type": "Point", "coordinates": [127.44174744651173, 36.713655279370926]}, "properties": {"node_id": "R087", "node_type": "road_backbone", "name": "오창IC", "latitude": 36.713655279370926, "longitude": 127.44174744651173, "x": 239467.74628378492, "y": 457326.8183750924, "original_node_id": "2840034002", "role": "anchor|named_interchange_or_intersection|branch|node_type_106", "nearest_backbone_node": "R087", "nearest_backbone_distance_km": 0.0, "connector_backbone_nodes": "R087"}}, {"type": "Feature", "geometry": {"type": "Point", "coordinates": [127.16430365467824, 36.75088222720619]}, "properties": {"node_id": "R088", "node_type": "road_backbone", "name": "남천안IC", "latitude": 36.75088222720619, "longitude": 127.16430365467824, "x": 214672.5219670693, "y": 461379.6213664826, "original_node_id": "3010088002", "role": "anchor|named_interchange_or_intersection|branch|node_type_106", "nearest_backbone_node": "R088", "nearest_backbone_distance_km": 0.0, "connector_backbone_nodes": "R088"}}, {"type": "Feature", "geometry": {"type": "Point", "coordinates": [127.6926537116851, 36.91363262693336]}, "properties": {"node_id": "R089", "node_type": "road_backbone", "name": "음성１교차로", "latitude": 36.91363262693336, "longitude": 127.6926537116851, "x": 261724.3509540966, "y": 479652.26951118896, "original_node_id": "2810938004", "role": "anchor|named_interchange_or_intersection|branch|node_type_106", "nearest_backbone_node": "R089", "nearest_backbone_distance_km": 0.0, "connector_backbone_nodes": "R089"}}, {"type": "Feature", "geometry": {"type": "Point", "coordinates": [127.38388435605036, 36.62478912134431]}, "properties": {"node_id": "R090", "node_type": "road_backbone", "name": "청주IC", "latitude": 36.62478912134431, "longitude": 127.38388435605036, "x": 234337.42739911212, "y": 447442.8795706142, "original_node_id": "2710003402", "role": "anchor|named_interchange_or_intersection|branch|node_type_106", "nearest_backbone_node": "R090", "nearest_backbone_distance_km": 0.0, "connector_backbone_nodes": "R090"}}, {"type": "Feature", "geometry": {"type": "Point", "coordinates": [128.98350460601972, 35.25383371422928]}, "properties": {"node_id": "R091", "node_type": "road_backbone", "name": "대동IC", "latitude": 35.25383371422928, "longitude": 128.98350460601972, "x": 380521.69438538974, "y": 297059.9386379209, "original_node_id": "3850319702", "role": "anchor|named_interchange_or_intersection|branch|node_type_106", "nearest_backbone_node": "R091", "nearest_backbone_distance_km": 0.0, "connector_backbone_nodes": "R091"}}, {"type": "Feature", "geometry": {"type": "Point", "coordinates": [127.13689314928646, 37.0445467306126]}, "properties": {"node_id": "R092", "node_type": "road_backbone", "name": "안성JC(북측)", "latitude": 37.0445467306126, "longitude": 127.13689314928646, "x": 212177.9791551202, "y": 493965.42968775786, "original_node_id": "2310014003", "role": "anchor|named_interchange_or_intersection|branch|node_type_106", "nearest_backbone_node": "R092", "nearest_backbone_distance_km": 0.0, "connector_backbone_nodes": "R092"}}, {"type": "Feature", "geometry": {"type": "Point", "coordinates": [127.21852144999136, 36.75843654649878]}, "properties": {"node_id": "R093", "node_type": "road_backbone", "name": "목천IC", "latitude": 36.75843654649878, "longitude": 127.21852144999136, "x": 219512.3315828183, "y": 462227.6271799497, "original_node_id": "3010104002", "role": "anchor|named_interchange_or_intersection|branch|node_type_106", "nearest_backbone_node": "R093", "nearest_backbone_distance_km": 0.0, "connector_backbone_nodes": "R093"}}, {"type": "Feature", "geometry": {"type": "Point", "coordinates": [128.37416793768057, 35.75505980774519]}, "properties": {"node_id": "R094", "node_type": "road_backbone", "name": "고령JC", "latitude": 35.75505980774519, "longitude": 128.37416793768057, "x": 324285.8664989119, "y": 351737.87017173175, "original_node_id": "3670008201", "role": "anchor|named_interchange_or_intersection|branch|node_type_106", "nearest_backbone_node": "R094", "nearest_backbone_distance_km": 0.0, "connector_backbone_nodes": "R094"}}, {"type": "Feature", "geometry": {"type": "Point", "coordinates": [128.4324343977203, 35.6798480647156]}, "properties": {"node_id": "R095", "node_type": "road_backbone", "name": "현풍JC", "latitude": 35.6798480647156, "longitude": 128.4324343977203, "x": 329677.9232000001, "y": 343467.4450000003, "original_node_id": "1570012901", "role": "anchor|named_interchange_or_intersection|branch|node_type_106", "nearest_backbone_node": "R095", "nearest_backbone_distance_km": 0.0, "connector_backbone_nodes": "R095"}}, {"type": "Feature", "geometry": {"type": "Point", "coordinates": [127.5105373560586, 36.52847329115303]}, "properties": {"node_id": "R096", "node_type": "road_backbone", "name": "문의IC", "latitude": 36.52847329115303, "longitude": 127.5105373560586, "x": 245723.0292543095, "y": 436807.3672561521, "original_node_id": "2700132602", "role": "anchor|named_interchange_or_intersection|branch|node_type_106", "nearest_backbone_node": "R096", "nearest_backbone_distance_km": 0.0, "connector_backbone_nodes": "R096"}}, {"type": "Feature", "geometry": {"type": "Point", "coordinates": [128.4793195605694, 35.53926406679254]}, "properties": {"node_id": "R097", "node_type": "road_backbone", "name": "창녕IC사거리", "latitude": 35.53926406679254, "longitude": 128.4793195605694, "x": 334157.29291079874, "y": 327930.63510021917, "original_node_id": "3910014401", "role": "anchor|named_interchange_or_intersection|branch|node_type_106", "nearest_backbone_node": "R097", "nearest_backbone_distance_km": 0.0, "connector_backbone_nodes": "R097"}}, {"type": "Feature", "geometry": {"type": "Point", "coordinates": [127.18906244900802, 36.895279389247065]}, "properties": {"node_id": "R098", "node_type": "road_backbone", "name": "북천안IC", "latitude": 36.895279389247065, "longitude": 127.18906244900802, "x": 216851.8238691815, "y": 477408.10393466894, "original_node_id": "3020169302", "role": "anchor|named_interchange_or_intersection|branch|node_type_106", "nearest_backbone_node": "R098", "nearest_backbone_distance_km": 0.0, "connector_backbone_nodes": "R098"}}, {"type": "Feature", "geometry": {"type": "Point", "coordinates": [127.825089052218, 36.270948842584]}, "properties": {"node_id": "R099", "node_type": "road_backbone", "name": "상용사거리", "latitude": 36.270948842584, "longitude": 127.825089052218, "x": 274138.538768128, "y": 408425.3662727243, "original_node_id": "2770018302", "role": "anchor|named_interchange_or_intersection|branch|node_type_106", "nearest_backbone_node": "R099", "nearest_backbone_distance_km": 0.0, "connector_backbone_nodes": "R099"}}, {"type": "Feature", "geometry": {"type": "Point", "coordinates": [127.82502461491816, 36.27103719342889]}, "properties": {"node_id": "R100", "node_type": "road_backbone", "name": "상용사거리", "latitude": 36.27103719342889, "longitude": 127.82502461491816, "x": 274132.6650963861, "y": 408435.1210163225, "original_node_id": "2770018301", "role": "anchor|named_interchange_or_intersection|branch|node_type_106", "nearest_backbone_node": "R100", "nearest_backbone_distance_km": 0.0, "connector_backbone_nodes": "R100"}}, {"type": "Feature", "geometry": {"type": "Point", "coordinates": [127.15511222639392, 36.99160019161688]}, "properties": {"node_id": "R101", "node_type": "road_backbone", "name": "안성IC(남측)", "latitude": 36.99160019161688, "longitude": 127.15511222639392, "x": 213808.321895666, "y": 488092.01182024647, "original_node_id": "2310002702", "role": "anchor|named_interchange_or_intersection|branch|node_type_106", "nearest_backbone_node": "R101", "nearest_backbone_distance_km": 0.0, "connector_backbone_nodes": "R101"}}, {"type": "Feature", "geometry": {"type": "Point", "coordinates": [128.53153679105526, 35.87367675495891]}, "properties": {"node_id": "R102", "node_type": "road_backbone", "name": "서대구IC", "latitude": 35.87367675495891, "longitude": 128.53153679105526, "x": 338314.10032504203, "y": 365111.52425054566, "original_node_id": "1520000901", "role": "anchor|named_interchange_or_intersection|branch|node_type_106", "nearest_backbone_node": "R102", "nearest_backbone_distance_km": 0.0, "connector_backbone_nodes": "R102"}}, {"type": "Feature", "geometry": {"type": "Point", "coordinates": [128.58304631899114, 35.90957144571069]}, "properties": {"node_id": "R103", "node_type": "road_backbone", "name": "북대구IC", "latitude": 35.90957144571069, "longitude": 128.58304631899114, "x": 342901.7912817047, "y": 369168.88699246367, "original_node_id": "1540004302", "role": "anchor|named_interchange_or_intersection|branch|node_type_106", "nearest_backbone_node": "R103", "nearest_backbone_distance_km": 0.0, "connector_backbone_nodes": "R103"}}, {"type": "Feature", "geometry": {"type": "Point", "coordinates": [127.12040849017458, 36.621810251252136]}, "properties": {"node_id": "R104", "node_type": "road_backbone", "name": "정안IC", "latitude": 36.621810251252136, "longitude": 127.12040849017458, "x": 210770.6102075624, "y": 447050.4387444501, "original_node_id": "2860027001", "role": "anchor|named_interchange_or_intersection|branch|node_type_106", "nearest_backbone_node": "R104", "nearest_backbone_distance_km": 0.0, "connector_backbone_nodes": "R104"}}, {"type": "Feature", "geometry": {"type": "Point", "coordinates": [127.09393530160663, 36.48951625889332]}, "properties": {"node_id": "R105", "node_type": "road_backbone", "name": "공주JC", "latitude": 36.48951625889332, "longitude": 127.09393530160663, "x": 208416.90253436464, "y": 432367.2144271436, "original_node_id": "2860035001", "role": "anchor|named_interchange_or_intersection|branch|node_type_106", "nearest_backbone_node": "R105", "nearest_backbone_distance_km": 0.0, "connector_backbone_nodes": "R105"}}, {"type": "Feature", "geometry": {"type": "Point", "coordinates": [127.43079436015589, 36.53714634670873]}, "properties": {"node_id": "R106", "node_type": "road_backbone", "name": "남청주IC", "latitude": 36.53714634670873, "longitude": 127.43079436015589, "x": 238577.0042417993, "y": 437734.8941518181, "original_node_id": "2830019901", "role": "anchor|named_interchange_or_intersection|branch|node_type_106", "nearest_backbone_node": "R106", "nearest_backbone_distance_km": 0.0, "connector_backbone_nodes": "R106"}}, {"type": "Feature", "geometry": {"type": "Point", "coordinates": [128.52718209707837, 35.8361192513152]}, "properties": {"node_id": "R107", "node_type": "road_backbone", "name": "남대구IC", "latitude": 35.8361192513152, "longitude": 128.52718209707837, "x": 337985.87898108485, "y": 360937.6599620428, "original_node_id": "1560001301", "role": "anchor|named_interchange_or_intersection|branch|node_type_106", "nearest_backbone_node": "R107", "nearest_backbone_distance_km": 0.0, "connector_backbone_nodes": "R107"}}, {"type": "Feature", "geometry": {"type": "Point", "coordinates": [127.05212063149696, 36.22199492573471]}, "properties": {"node_id": "R108", "node_type": "road_backbone", "name": "서논산IC", "latitude": 36.22199492573471, "longitude": 127.05212063149696, "x": 204686.18243871597, "y": 402678.70304987766, "original_node_id": "2900015502", "role": "anchor|named_interchange_or_intersection|branch|node_type_106", "nearest_backbone_node": "R108", "nearest_backbone_distance_km": 0.0, "connector_backbone_nodes": "R108"}}, {"type": "Feature", "geometry": {"type": "Point", "coordinates": [128.24582184137216, 35.922897465510324]}, "properties": {"node_id": "R109", "node_type": "road_backbone", "name": "성주IC", "latitude": 35.922897465510324, "longitude": 128.24582184137216, "x": 312439.9164282954, "y": 370206.74660494097, "original_node_id": "3680012801", "role": "anchor|named_interchange_or_intersection|branch|node_type_106", "nearest_backbone_node": "R109", "nearest_backbone_distance_km": 0.0, "connector_backbone_nodes": "R109"}}, {"type": "Feature", "geometry": {"type": "Point", "coordinates": [127.0261057159435, 35.80795260382436]}, "properties": {"node_id": "R110", "node_type": "road_backbone", "name": "이서JC", "latitude": 35.80795260382436, "longitude": 127.0261057159435, "x": 202359.4813135119, "y": 356735.92017996043, "original_node_id": "3120945000", "role": "anchor|named_interchange_or_intersection|branch|node_type_106", "nearest_backbone_node": "R110", "nearest_backbone_distance_km": 0.0, "connector_backbone_nodes": "R110"}}, {"type": "Feature", "geometry": {"type": "Point", "coordinates": [128.56548207759613, 36.16139107009317]}, "properties": {"node_id": "R111", "node_type": "road_backbone", "name": "군위JC", "latitude": 36.16139107009317, "longitude": 128.56548207759613, "x": 340866.8490166323, "y": 397088.3870528312, "original_node_id": "3610088801", "role": "anchor|named_interchange_or_intersection|branch|node_type_106", "nearest_backbone_node": "R111", "nearest_backbone_distance_km": 0.0, "connector_backbone_nodes": "R111"}}, {"type": "Feature", "geometry": {"type": "Point", "coordinates": [127.7683668138328, 35.537443929892554]}, "properties": {"node_id": "R112", "node_type": "road_backbone", "name": "함양JCT1교", "latitude": 35.537443929892554, "longitude": 127.7683668138328, "x": 269681.7695256484, "y": 326993.45417665725, "original_node_id": "3960007903", "role": "anchor|named_interchange_or_intersection|branch|node_type_106", "nearest_backbone_node": "R112", "nearest_backbone_distance_km": 0.0, "connector_backbone_nodes": "R112"}}, {"type": "Feature", "geometry": {"type": "Point", "coordinates": [127.29093432732004, 37.2391037593719]}, "properties": {"node_id": "R113", "node_type": "road_backbone", "name": "양지IC(서측)", "latitude": 37.2391037593719, "longitude": 127.29093432732004, "x": 225815.2667599269, "y": 515588.3257138904, "original_node_id": "2430087101", "role": "anchor|named_interchange_or_intersection|branch|node_type_106", "nearest_backbone_node": "R113", "nearest_backbone_distance_km": 0.0, "connector_backbone_nodes": "R113"}}, {"type": "Feature", "geometry": {"type": "Point", "coordinates": [128.18061368733447, 37.07717826501417]}, "properties": {"node_id": "R114", "node_type": "road_backbone", "name": "남제천IC(북측)", "latitude": 37.07717826501417, "longitude": 128.18061368733447, "x": 304984.1375761894, "y": 498230.2307008732, "original_node_id": "2730007902", "role": "anchor|named_interchange_or_intersection|branch|node_type_106", "nearest_backbone_node": "R114", "nearest_backbone_distance_km": 0.0, "connector_backbone_nodes": "R114"}}, {"type": "Feature", "geometry": {"type": "Point", "coordinates": [126.8720714234477, 37.19079347858841]}, "properties": {"node_id": "R115", "node_type": "road_backbone", "name": "팔탄JC", "latitude": 37.19079347858841, "longitude": 126.8720714234477, "x": 188641.37586305948, "y": 510194.7725190402, "original_node_id": "2330508904", "role": "anchor|named_interchange_or_intersection|branch|node_type_106", "nearest_backbone_node": "R115", "nearest_backbone_distance_km": 0.0, "connector_backbone_nodes": "R115"}}, {"type": "Feature", "geometry": {"type": "Point", "coordinates": [127.0539852493086, 37.85615837467531]}, "properties": {"node_id": "R116", "node_type": "road_backbone", "name": "북양주IC교차로", "latitude": 37.85615837467531, "longitude": 127.0539852493086, "x": 204750.9041256266, "y": 584035.6556166928, "original_node_id": "2350007210", "role": "anchor|named_interchange_or_intersection|branch|node_type_106", "nearest_backbone_node": "R116", "nearest_backbone_distance_km": 0.0, "connector_backbone_nodes": "R116"}}, {"type": "Feature", "geometry": {"type": "Point", "coordinates": [127.93070055228984, 37.06753034366294]}, "properties": {"node_id": "R117", "node_type": "road_backbone", "name": "동충주교차로", "latitude": 37.06753034366294, "longitude": 127.93070055228984, "x": 282770.8962240803, "y": 496912.5837436408, "original_node_id": "2720127702", "role": "anchor|named_interchange_or_intersection|branch|node_type_106", "nearest_backbone_node": "R117", "nearest_backbone_distance_km": 0.0, "connector_backbone_nodes": "R117"}}, {"type": "Feature", "geometry": {"type": "Point", "coordinates": [126.80197721891535, 36.00531467298401]}, "properties": {"node_id": "R118", "node_type": "road_backbone", "name": "군산IC(남측)", "latitude": 36.00531467298401, "longitude": 126.80197721891535, "x": 182146.72276402783, "y": 378652.49890674034, "original_node_id": "3070023401", "role": "anchor|named_interchange_or_intersection|branch|node_type_106", "nearest_backbone_node": "R118", "nearest_backbone_distance_km": 0.0, "connector_backbone_nodes": "R118"}}, {"type": "Feature", "geometry": {"type": "Point", "coordinates": [127.40212407909132, 35.43286161449249]}, "properties": {"node_id": "R119", "node_type": "road_backbone", "name": "남원IC(동측)", "latitude": 35.43286161449249, "longitude": 127.40212407909132, "x": 236514.90609507496, "y": 315192.8058688548, "original_node_id": "3100011901", "role": "anchor|named_interchange_or_intersection|branch|node_type_106", "nearest_backbone_node": "R119", "nearest_backbone_distance_km": 0.0, "connector_backbone_nodes": "R119"}}, {"type": "Feature", "geometry": {"type": "Point", "coordinates": [128.98196380166644, 35.25220447328812]}, "properties": {"node_id": "R120", "node_type": "road_backbone", "name": "대동IC교차로", "latitude": 35.25220447328812, "longitude": 128.98196380166644, "x": 380385.05583093874, "y": 296876.3432602349, "original_node_id": "3850319601", "role": "anchor|named_interchange_or_intersection|branch|node_type_106", "nearest_backbone_node": "R120", "nearest_backbone_distance_km": 0.0, "connector_backbone_nodes": "R120"}}, {"type": "Feature", "geometry": {"type": "Point", "coordinates": [127.71595233518336, 36.45743194298307]}, "properties": {"node_id": "R121", "node_type": "road_backbone", "name": "보은IC", "latitude": 36.45743194298307, "longitude": 127.71595233518336, "x": 264178.5453267872, "y": 429041.064283636, "original_node_id": "2750013309", "role": "anchor|named_interchange_or_intersection|branch|node_type_106", "nearest_backbone_node": "R121", "nearest_backbone_distance_km": 0.0, "connector_backbone_nodes": "R121"}}, {"type": "Feature", "geometry": {"type": "Point", "coordinates": [126.80833935736467, 35.333435243777565]}, "properties": {"node_id": "R122", "node_type": "road_backbone", "name": "장성JC", "latitude": 35.333435243777565, "longitude": 126.80833935736467, "x": 182574.91108444153, "y": 304104.2546445364, "original_node_id": "3420013401", "role": "anchor|named_interchange_or_intersection|branch|node_type_106", "nearest_backbone_node": "R122", "nearest_backbone_distance_km": 0.0, "connector_backbone_nodes": "R122"}}, {"type": "Feature", "geometry": {"type": "Point", "coordinates": [129.02343508806447, 36.45507448204165]}, "properties": {"node_id": "R123", "node_type": "road_backbone", "name": "청송IC", "latitude": 36.45507448204165, "longitude": 129.02343508806447, "x": 381397.6264219443, "y": 430444.889149814, "original_node_id": "3630085902", "role": "anchor|named_interchange_or_intersection|branch|node_type_106", "nearest_backbone_node": "R123", "nearest_backbone_distance_km": 0.0, "connector_backbone_nodes": "R123"}}, {"type": "Feature", "geometry": {"type": "Point", "coordinates": [127.3801922802339, 36.410728734849975]}, "properties": {"node_id": "R124", "node_type": "road_backbone", "name": "대덕밸리IC", "latitude": 36.410728734849975, "longitude": 127.3801922802339, "x": 234100.9781333797, "y": 423687.42454891733, "original_node_id": "1860005602", "role": "anchor|named_interchange_or_intersection|branch|node_type_106", "nearest_backbone_node": "R124", "nearest_backbone_distance_km": 0.0, "connector_backbone_nodes": "R124"}}, {"type": "Feature", "geometry": {"type": "Point", "coordinates": [126.89582294695076, 37.428215599071535]}, "properties": {"node_id": "R125", "node_type": "road_backbone", "name": "일직JC", "latitude": 37.428215599071535, "longitude": 126.89582294695076, "x": 190779.2851440695, "y": 536542.1287927132, "original_node_id": "2130000402", "role": "anchor|named_interchange_or_intersection|branch|node_type_106", "nearest_backbone_node": "R125", "nearest_backbone_distance_km": 0.0, "connector_backbone_nodes": "R125"}}, {"type": "Feature", "geometry": {"type": "Point", "coordinates": [127.30279622364142, 35.404306439625294]}, "properties": {"node_id": "R126", "node_type": "road_backbone", "name": "남원JC", "latitude": 35.404306439625294, "longitude": 127.30279622364142, "x": 227505.10413107253, "y": 311992.47689111537, "original_node_id": "3100021802", "role": "anchor|named_interchange_or_intersection|branch|node_type_106", "nearest_backbone_node": "R126", "nearest_backbone_distance_km": 0.0, "connector_backbone_nodes": "R126"}}, {"type": "Feature", "geometry": {"type": "Point", "coordinates": [127.5912151310759, 35.485174694466664]}, "properties": {"node_id": "R127", "node_type": "road_backbone", "name": "지리산IC(동측)", "latitude": 35.485174694466664, "longitude": 127.5912151310759, "x": 253650.7566198168, "y": 321083.2861158138, "original_node_id": "3100016001", "role": "anchor|named_interchange_or_intersection|branch|node_type_106", "nearest_backbone_node": "R127", "nearest_backbone_distance_km": 0.0, "connector_backbone_nodes": "R127"}}, {"type": "Feature", "geometry": {"type": "Point", "coordinates": [126.86921679910532, 36.995693634241526]}, "properties": {"node_id": "R128", "node_type": "road_backbone", "name": "서평택IC(남측)", "latitude": 36.995693634241526, "longitude": 126.86921679910532, "x": 188358.10936552996, "y": 488543.0409977042, "original_node_id": "2140007502", "role": "anchor|named_interchange_or_intersection|branch|node_type_106", "nearest_backbone_node": "R128", "nearest_backbone_distance_km": 0.0, "connector_backbone_nodes": "R128"}}, {"type": "Feature", "geometry": {"type": "Point", "coordinates": [127.51645943702984, 36.10689923489587]}, "properties": {"node_id": "R129", "node_type": "road_backbone", "name": "금산IC", "latitude": 36.10689923489587, "longitude": 127.51645943702984, "x": 246503.15559275067, "y": 390029.7001999192, "original_node_id": "2920005101", "role": "anchor|named_interchange_or_intersection|branch|node_type_106", "nearest_backbone_node": "R129", "nearest_backbone_distance_km": 0.0, "connector_backbone_nodes": "R129"}}, {"type": "Feature", "geometry": {"type": "Point", "coordinates": [127.82185070227648, 35.48353935803666]}, "properties": {"node_id": "R130", "node_type": "road_backbone", "name": "생초IC", "latitude": 35.48353935803666, "longitude": 127.82185070227648, "x": 274582.064924271, "y": 321051.6686958393, "original_node_id": "3950017501", "role": "anchor|named_interchange_or_intersection|branch|node_type_106", "nearest_backbone_node": "R130", "nearest_backbone_distance_km": 0.0, "connector_backbone_nodes": "R130"}}, {"type": "Feature", "geometry": {"type": "Point", "coordinates": [128.3874629160979, 35.289398412300955]}, "properties": {"node_id": "R131", "node_type": "road_backbone", "name": "함안IC", "latitude": 35.289398412300955, "longitude": 128.3874629160979, "x": 326215.5305204087, "y": 300084.6319474127, "original_node_id": "3900007601", "role": "anchor|named_interchange_or_intersection|branch|node_type_106", "nearest_backbone_node": "R131", "nearest_backbone_distance_km": 0.0, "connector_backbone_nodes": "R131"}}, {"type": "Feature", "geometry": {"type": "Point", "coordinates": [127.64653176022328, 35.84427570320144]}, "properties": {"node_id": "R132", "node_type": "road_backbone", "name": "덕유산IC", "latitude": 35.84427570320144, "longitude": 127.64653176022328, "x": 258408.4701710252, "y": 360958.8439389639, "original_node_id": "3140001303", "role": "anchor|named_interchange_or_intersection|branch|node_type_106", "nearest_backbone_node": "R132", "nearest_backbone_distance_km": 0.0, "connector_backbone_nodes": "R132"}}, {"type": "Feature", "geometry": {"type": "Point", "coordinates": [128.02445364608658, 35.70306766640684]}, "properties": {"node_id": "R133", "node_type": "road_backbone", "name": "가조IC(서측)", "latitude": 35.70306766640684, "longitude": 128.02445364608658, "x": 292715.1280393659, "y": 345581.90281967894, "original_node_id": "3970007902", "role": "anchor|named_interchange_or_intersection|branch|node_type_106", "nearest_backbone_node": "R133", "nearest_backbone_distance_km": 0.0, "connector_backbone_nodes": "R133"}}, {"type": "Feature", "geometry": {"type": "Point", "coordinates": [126.77110754543736, 35.72873957502566]}, "properties": {"node_id": "R134", "node_type": "road_backbone", "name": "부안IC(북측)", "latitude": 35.72873957502566, "longitude": 126.77110754543736, "x": 179291.74989795664, "y": 347970.7013771217, "original_node_id": "3190012801", "role": "anchor|named_interchange_or_intersection|branch|node_type_106", "nearest_backbone_node": "R134", "nearest_backbone_distance_km": 0.0, "connector_backbone_nodes": "R134"}}, {"type": "Feature", "geometry": {"type": "Point", "coordinates": [128.04052840294332, 35.185235884235965]}, "properties": {"node_id": "R135", "node_type": "road_backbone", "name": "서진주IC", "latitude": 35.185235884235965, "longitude": 128.04052840294332, "x": 294775.1405796435, "y": 288141.29452314967, "original_node_id": "3810013901", "role": "anchor|named_interchange_or_intersection|branch|node_type_106", "nearest_backbone_node": "R135", "nearest_backbone_distance_km": 0.0, "connector_backbone_nodes": "R135"}}, {"type": "Feature", "geometry": {"type": "Point", "coordinates": [128.09278251824213, 35.13990305355468]}, "properties": {"node_id": "R136", "node_type": "road_backbone", "name": "진주JC", "latitude": 35.13990305355468, "longitude": 128.09278251824213, "x": 299590.08029999956, "y": 283162.66310000047, "original_node_id": "3810003001", "role": "anchor|named_interchange_or_intersection|branch|node_type_106", "nearest_backbone_node": "R136", "nearest_backbone_distance_km": 0.0, "connector_backbone_nodes": "R136"}}, {"type": "Feature", "geometry": {"type": "Point", "coordinates": [126.7925330558734, 35.28125038307287]}, "properties": {"node_id": "R137", "node_type": "road_backbone", "name": "가작교차로", "latitude": 35.28125038307287, "longitude": 126.7925330558734, "x": 181125.7408584133, "y": 298317.4239991392, "original_node_id": "3420017805", "role": "anchor|named_interchange_or_intersection|branch|node_type_106", "nearest_backbone_node": "R137", "nearest_backbone_distance_km": 0.0, "connector_backbone_nodes": "R137"}}, {"type": "Feature", "geometry": {"type": "Point", "coordinates": [128.1904594437108, 35.696354938884596]}, "properties": {"node_id": "R138", "node_type": "road_backbone", "name": "해인사IC(동측)", "latitude": 35.696354938884596, "longitude": 128.1904594437108, "x": 307748.66788655554, "y": 345006.5482941284, "original_node_id": "3980017401", "role": "anchor|named_interchange_or_intersection|branch|node_type_106", "nearest_backbone_node": "R138", "nearest_backbone_distance_km": 0.0, "connector_backbone_nodes": "R138"}}, {"type": "Feature", "geometry": {"type": "Point", "coordinates": [127.53297238260724, 34.995451268940634]}, "properties": {"node_id": "R139", "node_type": "road_backbone", "name": "순천JC", "latitude": 34.995451268940634, "longitude": 127.53297238260724, "x": 248657.00784406732, "y": 266720.03560204804, "original_node_id": "3260085501", "role": "anchor|named_interchange_or_intersection|branch|node_type_106", "nearest_backbone_node": "R139", "nearest_backbone_distance_km": 0.0, "connector_backbone_nodes": "R139"}}, {"type": "Feature", "geometry": {"type": "Point", "coordinates": [128.5270580223213, 36.848405352295714]}, "properties": {"node_id": "R140", "node_type": "road_backbone", "name": "풍기IC앞교차로", "latitude": 36.848405352295714, "longitude": 128.5270580223213, "x": 336199.9252626217, "y": 473278.1657335125, "original_node_id": "3560009901", "role": "anchor|named_interchange_or_intersection|branch|node_type_106", "nearest_backbone_node": "R140", "nearest_backbone_distance_km": 0.0, "connector_backbone_nodes": "R140"}}, {"type": "Feature", "geometry": {"type": "Point", "coordinates": [126.77906846736086, 37.5953046346749]}, "properties": {"node_id": "R141", "node_type": "road_backbone", "name": "김포IC", "latitude": 37.5953046346749, "longitude": 126.77906846736086, "x": 180488.87524466284, "y": 555104.7376663145, "original_node_id": "2320000801", "role": "anchor|named_interchange_or_intersection|branch|node_type_106", "nearest_backbone_node": "R141", "nearest_backbone_distance_km": 0.0, "connector_backbone_nodes": "R141"}}, {"type": "Feature", "geometry": {"type": "Point", "coordinates": [127.45598319904474, 35.14826841735928]}, "properties": {"node_id": "R142", "node_type": "road_backbone", "name": "황전IC", "latitude": 35.14826841735928, "longitude": 127.45598319904474, "x": 241550.79565680676, "y": 283639.2533058065, "original_node_id": "3260087201", "role": "anchor|named_interchange_or_intersection|branch|node_type_106", "nearest_backbone_node": "R142", "nearest_backbone_distance_km": 0.0, "connector_backbone_nodes": "R142"}}, {"type": "Feature", "geometry": {"type": "Point", "coordinates": [127.59214850930802, 37.22700919397478]}, "properties": {"node_id": "R143", "node_type": "road_backbone", "name": "여주JC(남측)", "latitude": 37.22700919397478, "longitude": 127.59214850930802, "x": 252551.2742999997, "y": 514370.6725999992, "original_node_id": "2370005401", "role": "anchor|named_interchange_or_intersection|branch|node_type_106", "nearest_backbone_node": "R143", "nearest_backbone_distance_km": 0.0, "connector_backbone_nodes": "R143"}}, {"type": "Feature", "geometry": {"type": "Point", "coordinates": [128.7465660195911, 35.65455375130309]}, "properties": {"node_id": "R144", "node_type": "road_backbone", "name": "청도IC", "latitude": 35.65455375130309, "longitude": 128.7465660195911, "x": 358168.6696241845, "y": 341120.86092663015, "original_node_id": "3660012302", "role": "anchor|named_interchange_or_intersection|branch|node_type_106", "nearest_backbone_node": "R144", "nearest_backbone_distance_km": 0.0, "connector_backbone_nodes": "R144"}}, {"type": "Feature", "geometry": {"type": "Point", "coordinates": [127.89906281812056, 37.36933575859517]}, "properties": {"node_id": "R145", "node_type": "road_backbone", "name": "만종JC", "latitude": 37.36933575859517, "longitude": 127.89906281812056, "x": 279639.2203613981, "y": 530381.5081547346, "original_node_id": "2510022901", "role": "anchor|named_interchange_or_intersection|branch|node_type_106", "nearest_backbone_node": "R145", "nearest_backbone_distance_km": 0.0, "connector_backbone_nodes": "R145"}}, {"type": "Feature", "geometry": {"type": "Point", "coordinates": [127.85255177430176, 37.670913830516]}, "properties": {"node_id": "R146", "node_type": "road_backbone", "name": "홍천IC", "latitude": 37.670913830516, "longitude": 127.85255177430176, "x": 275215.81438473816, "y": 563815.6180570617, "original_node_id": "2570005708", "role": "anchor|named_interchange_or_intersection|branch|node_type_106", "nearest_backbone_node": "R146", "nearest_backbone_distance_km": 0.0, "connector_backbone_nodes": "R146"}}, {"type": "Feature", "geometry": {"type": "Point", "coordinates": [126.56945007255646, 36.81292545436418]}, "properties": {"node_id": "R147", "node_type": "road_backbone", "name": "서산IC앞", "latitude": 36.81292545436418, "longitude": 126.56945007255646, "x": 161582.24445058673, "y": 468338.68473121594, "original_node_id": "2890010103", "role": "anchor|named_interchange_or_intersection|branch|node_type_106", "nearest_backbone_node": "R147", "nearest_backbone_distance_km": 0.0, "connector_backbone_nodes": "R147"}}, {"type": "Feature", "geometry": {"type": "Point", "coordinates": [128.61855396026374, 36.427050163737114]}, "properties": {"node_id": "R148", "node_type": "road_backbone", "name": "안동JC", "latitude": 36.427050163737114, "longitude": 128.61855396026374, "x": 345149.6807301741, "y": 426648.98188741744, "original_node_id": "3540161501", "role": "anchor|named_interchange_or_intersection|branch|node_type_106", "nearest_backbone_node": "R148", "nearest_backbone_distance_km": 0.0, "connector_backbone_nodes": "R148"}}, {"type": "Feature", "geometry": {"type": "Point", "coordinates": [128.77308673725722, 35.45422589122156]}, "properties": {"node_id": "R149", "node_type": "road_backbone", "name": "남밀양IC", "latitude": 35.45422589122156, "longitude": 128.77308673725722, "x": 360970.7720405819, "y": 318933.87356331694, "original_node_id": "3860019102", "role": "anchor|named_interchange_or_intersection|branch|node_type_106", "nearest_backbone_node": "R149", "nearest_backbone_distance_km": 0.0, "connector_backbone_nodes": "R149"}}, {"type": "Feature", "geometry": {"type": "Point", "coordinates": [127.26456397207086, 35.064406026453696]}, "properties": {"node_id": "R150", "node_type": "road_backbone", "name": "주암IC입구", "latitude": 35.064406026453696, "longitude": 127.26456397207086, "x": 224132.6507405854, "y": 274272.1711471222, "original_node_id": "3260022511", "role": "anchor|named_interchange_or_intersection|branch|node_type_106", "nearest_backbone_node": "R150", "nearest_backbone_distance_km": 0.0, "connector_backbone_nodes": "R150"}}, {"type": "Feature", "geometry": {"type": "Point", "coordinates": [127.66177711386928, 34.971419859625826]}, "properties": {"node_id": "R151", "node_type": "road_backbone", "name": "동광양IC(동측)", "latitude": 34.971419859625826, "longitude": 127.66177711386928, "x": 260433.88441342677, "y": 264124.2401761771, "original_node_id": "3280009401", "role": "anchor|named_interchange_or_intersection|branch|node_type_106", "nearest_backbone_node": "R151", "nearest_backbone_distance_km": 0.0, "connector_backbone_nodes": "R151"}}, {"type": "Feature", "geometry": {"type": "Point", "coordinates": [126.96959260976412, 35.2484271361785]}, "properties": {"node_id": "R152", "node_type": "road_backbone", "name": "담양JC", "latitude": 35.2484271361785, "longitude": 126.96959260976412, "x": 197232.5806023456, "y": 294656.5212101465, "original_node_id": "3290007216", "role": "anchor|named_interchange_or_intersection|branch|node_type_106", "nearest_backbone_node": "R152", "nearest_backbone_distance_km": 0.0, "connector_backbone_nodes": "R152"}}, {"type": "Feature", "geometry": {"type": "Point", "coordinates": [127.81134425768806, 35.00061485963678]}, "properties": {"node_id": "R153", "node_type": "road_backbone", "name": "하동IC", "latitude": 35.00061485963678, "longitude": 127.81134425768806, "x": 274066.4322220322, "y": 267463.90321599646, "original_node_id": "3940002401", "role": "anchor|named_interchange_or_intersection|branch|node_type_106", "nearest_backbone_node": "R153", "nearest_backbone_distance_km": 0.0, "connector_backbone_nodes": "R153"}}, {"type": "Feature", "geometry": {"type": "Point", "coordinates": [128.89078596332192, 36.43681477658416]}, "properties": {"node_id": "R154", "node_type": "road_backbone", "name": "동안동IC", "latitude": 36.43681477658416, "longitude": 128.89078596332192, "x": 369544.2699845453, "y": 428176.8492679024, "original_node_id": "3540164102", "role": "anchor|named_interchange_or_intersection|branch|node_type_106", "nearest_backbone_node": "R154", "nearest_backbone_distance_km": 0.0, "connector_backbone_nodes": "R154"}}, {"type": "Feature", "geometry": {"type": "Point", "coordinates": [127.57000857697388, 36.31066926966624]}, "properties": {"node_id": "R155", "node_type": "road_backbone", "name": "옥천IC", "latitude": 36.31066926966624, "longitude": 127.57000857697388, "x": 251191.9978, "y": 412667.8914000001, "original_node_id": "2760149801", "role": "anchor|named_interchange_or_intersection|branch|node_type_106", "nearest_backbone_node": "R155", "nearest_backbone_distance_km": 0.0, "connector_backbone_nodes": "R155"}}, {"type": "Feature", "geometry": {"type": "Point", "coordinates": [129.2901431460611, 35.47958471802382]}, "properties": {"node_id": "R156", "node_type": "road_backbone", "name": "청량IC교차로", "latitude": 35.47958471802382, "longitude": 129.2901431460611, "x": 407854.0661997928, "y": 322714.1966726505, "original_node_id": "1960353802", "role": "anchor|named_interchange_or_intersection|branch|node_type_106", "nearest_backbone_node": "R156", "nearest_backbone_distance_km": 0.0, "connector_backbone_nodes": "R156"}}, {"type": "Feature", "geometry": {"type": "Point", "coordinates": [128.80554052581957, 35.19540150004512]}, "properties": {"node_id": "R157", "node_type": "road_backbone", "name": "장유IC(서측)", "latitude": 35.19540150004512, "longitude": 128.80554052581957, "x": 364440.9160128319, "y": 290266.8345778996, "original_node_id": "3850002102", "role": "anchor|named_interchange_or_intersection|branch|node_type_106", "nearest_backbone_node": "R157", "nearest_backbone_distance_km": 0.0, "connector_backbone_nodes": "R157"}}, {"type": "Feature", "geometry": {"type": "Point", "coordinates": [127.75639392009435, 37.399426064800494]}, "properties": {"node_id": "R158", "node_type": "road_backbone", "name": "동양평IC", "latitude": 37.399426064800494, "longitude": 127.75639392009435, "x": 266974.5880013946, "y": 533610.3325971061, "original_node_id": "2400146902", "role": "anchor|named_interchange_or_intersection|branch|node_type_106", "nearest_backbone_node": "R158", "nearest_backbone_distance_km": 0.0, "connector_backbone_nodes": "R158"}}, {"type": "Feature", "geometry": {"type": "Point", "coordinates": [127.64755233083078, 35.97580850400379]}, "properties": {"node_id": "R159", "node_type": "road_backbone", "name": "무주IC", "latitude": 35.97580850400379, "longitude": 127.64755233083078, "x": 258403.92162191248, "y": 375554.2761174647, "original_node_id": "3140011501", "role": "anchor|named_interchange_or_intersection|branch|node_type_106", "nearest_backbone_node": "R159", "nearest_backbone_distance_km": 0.0, "connector_backbone_nodes": "R159"}}, {"type": "Feature", "geometry": {"type": "Point", "coordinates": [129.3933703230259, 35.94549994703738]}, "properties": {"node_id": "R160", "node_type": "road_backbone", "name": "문덕교차로램프", "latitude": 35.94549994703738, "longitude": 129.3933703230259, "x": 415963.1676829749, "y": 374646.1132396844, "original_node_id": "3500091002", "role": "anchor|named_interchange_or_intersection|branch|node_type_106", "nearest_backbone_node": "R160", "nearest_backbone_distance_km": 0.0, "connector_backbone_nodes": "R160"}}, {"type": "Feature", "geometry": {"type": "Point", "coordinates": [127.44158702463425, 37.18747377890298]}, "properties": {"node_id": "R161", "node_type": "road_backbone", "name": "남이천IC(북측)", "latitude": 37.18747377890298, "longitude": 127.44158702463425, "x": 239209.79280598124, "y": 509910.0115508569, "original_node_id": "2300265401", "role": "anchor|named_interchange_or_intersection|branch|node_type_106", "nearest_backbone_node": "R161", "nearest_backbone_distance_km": 0.0, "connector_backbone_nodes": "R161"}}, {"type": "Feature", "geometry": {"type": "Point", "coordinates": [129.2244225124345, 36.06512462044577]}, "properties": {"node_id": "R162", "node_type": "road_backbone", "name": "서포항IC입구", "latitude": 36.06512462044577, "longitude": 129.2244225124345, "x": 400412.692427863, "y": 387561.7956446125, "original_node_id": "3510006310", "role": "anchor|named_interchange_or_intersection|branch|node_type_106", "nearest_backbone_node": "R162", "nearest_backbone_distance_km": 0.0, "connector_backbone_nodes": "R162"}}, {"type": "Feature", "geometry": {"type": "Point", "coordinates": [129.3693324384768, 36.38824150562738]}, "properties": {"node_id": "R163", "node_type": "road_backbone", "name": "영덕IC", "latitude": 36.38824150562738, "longitude": 129.3693324384768, "x": 412593.84609999973, "y": 423733.5421999991, "original_node_id": "3650170410", "role": "anchor|named_interchange_or_intersection|branch|node_type_106", "nearest_backbone_node": "R163", "nearest_backbone_distance_km": 0.0, "connector_backbone_nodes": "R163"}}, {"type": "Feature", "geometry": {"type": "Point", "coordinates": [127.95588062139224, 36.44544183129012]}, "properties": {"node_id": "R164", "node_type": "road_backbone", "name": "화서IC앞", "latitude": 36.44544183129012, "longitude": 127.95588062139224, "x": 285699.6181973273, "y": 427896.9731000185, "original_node_id": "3580026302", "role": "anchor|named_interchange_or_intersection|branch|node_type_106", "nearest_backbone_node": "R164", "nearest_backbone_distance_km": 0.0, "connector_backbone_nodes": "R164"}}, {"type": "Feature", "geometry": {"type": "Point", "coordinates": [126.78890441555836, 36.237577539914184]}, "properties": {"node_id": "R165", "node_type": "road_backbone", "name": "서부여IC", "latitude": 36.237577539914184, "longitude": 126.78890441555836, "x": 181024.08222925404, "y": 404427.2054246294, "original_node_id": "2940015301", "role": "anchor|named_interchange_or_intersection|branch|node_type_106", "nearest_backbone_node": "R165", "nearest_backbone_distance_km": 0.0, "connector_backbone_nodes": "R165"}}, {"type": "Feature", "geometry": {"type": "Point", "coordinates": [128.3716169545301, 36.91915126503056]}, "properties": {"node_id": "R166", "node_type": "road_backbone", "name": "대강교차로", "latitude": 36.91915126503056, "longitude": 128.3716169545301, "x": 322222.3422710673, "y": 480919.48984710267, "original_node_id": "2820001914", "role": "anchor|named_interchange_or_intersection|branch|node_type_106", "nearest_backbone_node": "R166", "nearest_backbone_distance_km": 0.0, "connector_backbone_nodes": "R166"}}, {"type": "Feature", "geometry": {"type": "Point", "coordinates": [128.0862454775043, 37.23596396173221]}, "properties": {"node_id": "R167", "node_type": "road_backbone", "name": "신림IC앞", "latitude": 37.23596396173221, "longitude": 128.0862454775043, "x": 296390.48685374984, "y": 515753.12630934385, "original_node_id": "2510003506", "role": "anchor|named_interchange_or_intersection|branch|node_type_106", "nearest_backbone_node": "R167", "nearest_backbone_distance_km": 0.0, "connector_backbone_nodes": "R167"}}, {"type": "Feature", "geometry": {"type": "Point", "coordinates": [126.4871628936932, 35.02561191706836]}, "properties": {"node_id": "R168", "node_type": "road_backbone", "name": "함평JC", "latitude": 35.02561191706836, "longitude": 126.4871628936932, "x": 153198.4163180361, "y": 270056.5054458762, "original_node_id": "3400015702", "role": "anchor|named_interchange_or_intersection|branch|node_type_106", "nearest_backbone_node": "R168", "nearest_backbone_distance_km": 0.0, "connector_backbone_nodes": "R168"}}, {"type": "Feature", "geometry": {"type": "Point", "coordinates": [128.49418800211384, 37.63647870612496]}, "properties": {"node_id": "R169", "node_type": "road_backbone", "name": "속사IC앞", "latitude": 37.63647870612496, "longitude": 128.49418800211384, "x": 331887.2273063026, "y": 560701.9417730969, "original_node_id": "2600014104", "role": "anchor|named_interchange_or_intersection|branch|node_type_106", "nearest_backbone_node": "R169", "nearest_backbone_distance_km": 0.0, "connector_backbone_nodes": "R169"}}, {"type": "Feature", "geometry": {"type": "Point", "coordinates": [127.30145372771976, 34.83964711489053]}, "properties": {"node_id": "R170", "node_type": "road_backbone", "name": "벌교IC", "latitude": 34.83964711489053, "longitude": 127.30145372771976, "x": 227572.78097581185, "y": 249346.9148351611, "original_node_id": "3330028402", "role": "anchor|named_interchange_or_intersection|branch|node_type_106", "nearest_backbone_node": "R170", "nearest_backbone_distance_km": 0.0, "connector_backbone_nodes": "R170"}}, {"type": "Feature", "geometry": {"type": "Point", "coordinates": [126.83199013454905, 35.57828553300431]}, "properties": {"node_id": "R171", "node_type": "road_backbone", "name": "정읍IC(남측)", "latitude": 35.57828553300431, "longitude": 126.83199013454905, "x": 184771.3645010107, "y": 331266.2716777736, "original_node_id": "3090009202", "role": "anchor|named_interchange_or_intersection|branch|node_type_106", "nearest_backbone_node": "R171", "nearest_backbone_distance_km": 0.0, "connector_backbone_nodes": "R171"}}, {"type": "Feature", "geometry": {"type": "Point", "coordinates": [128.62200225870626, 36.47356661240001]}, "properties": {"node_id": "R172", "node_type": "road_backbone", "name": "남안동IC", "latitude": 36.47356661240001, "longitude": 128.62200225870626, "x": 345372.0923925024, "y": 431816.5981731047, "original_node_id": "3540003801", "role": "anchor|named_interchange_or_intersection|branch|node_type_106", "nearest_backbone_node": "R172", "nearest_backbone_distance_km": 0.0, "connector_backbone_nodes": "R172"}}, {"type": "Feature", "geometry": {"type": "Point", "coordinates": [127.044832113978, 36.79607828772292]}, "properties": {"node_id": "R173", "node_type": "road_backbone", "name": "현충교차로", "latitude": 36.79607828772292, "longitude": 127.044832113978, "x": 204001.21300000045, "y": 466383.5318999998, "original_node_id": "2881946801", "role": "anchor|named_interchange_or_intersection|branch|node_type_106", "nearest_backbone_node": "R173", "nearest_backbone_distance_km": 0.0, "connector_backbone_nodes": "R173"}}, {"type": "Feature", "geometry": {"type": "Point", "coordinates": [128.54358409809632, 36.66963158561876]}, "properties": {"node_id": "R174", "node_type": "road_backbone", "name": "예천IC", "latitude": 36.66963158561876, "longitude": 128.54358409809632, "x": 337993.9735107429, "y": 453460.71310655336, "original_node_id": "3700011801", "role": "anchor|named_interchange_or_intersection|branch|node_type_106", "nearest_backbone_node": "R174", "nearest_backbone_distance_km": 0.0, "connector_backbone_nodes": "R174"}}, {"type": "Feature", "geometry": {"type": "Point", "coordinates": [126.47955009369716, 34.86143355653619]}, "properties": {"node_id": "R175", "node_type": "road_backbone", "name": "일로IC앞", "latitude": 34.86143355653619, "longitude": 126.47955009369716, "x": 152408.8978813101, "y": 251845.9684728674, "original_node_id": "3390003551", "role": "anchor|named_interchange_or_intersection|branch|node_type_106", "nearest_backbone_node": "R175", "nearest_backbone_distance_km": 0.0, "connector_backbone_nodes": "R175"}}, {"type": "Feature", "geometry": {"type": "Point", "coordinates": [126.59960228547882, 35.064855505024795]}, "properties": {"node_id": "R176", "node_type": "road_backbone", "name": "문평IC교차로", "latitude": 35.064855505024795, "longitude": 126.59960228547882, "x": 163477.1871829349, "y": 274363.3442427531, "original_node_id": "3270015403", "role": "anchor|named_interchange_or_intersection|branch|node_type_106", "nearest_backbone_node": "R176", "nearest_backbone_distance_km": 0.0, "connector_backbone_nodes": "R176"}}, {"type": "Feature", "geometry": {"type": "Point", "coordinates": [126.76547602596554, 37.85270602934879]}, "properties": {"node_id": "R177", "node_type": "road_backbone", "name": "내포IC", "latitude": 37.85270602934879, "longitude": 126.76547602596554, "x": 179360.03581644635, "y": 583677.0145518994, "original_node_id": "2290013003", "role": "anchor|named_interchange_or_intersection|branch|node_type_106", "nearest_backbone_node": "R177", "nearest_backbone_distance_km": 0.0, "connector_backbone_nodes": "R177"}}, {"type": "Feature", "geometry": {"type": "Point", "coordinates": [127.76539521180986, 37.84165131007128]}, "properties": {"node_id": "R178", "node_type": "road_backbone", "name": "춘천IC입구(남측)", "latitude": 37.84165131007128, "longitude": 127.76539521180986, "x": 267371.3415728322, "y": 582700.1636808723, "original_node_id": "2500009102", "role": "anchor|named_interchange_or_intersection|branch|node_type_106", "nearest_backbone_node": "R178", "nearest_backbone_distance_km": 0.0, "connector_backbone_nodes": "R178"}}, {"type": "Feature", "geometry": {"type": "Point", "coordinates": [126.49406486699463, 37.482210447292694]}, "properties": {"node_id": "R179", "node_type": "road_backbone", "name": "공항신도시JC도윽", "latitude": 37.482210447292694, "longitude": 126.49406486699463, "x": 155251.69746048213, "y": 542649.9422131594, "original_node_id": "1720156700", "role": "anchor|named_interchange_or_intersection|branch|node_type_106", "nearest_backbone_node": "R179", "nearest_backbone_distance_km": 0.0, "connector_backbone_nodes": "R179"}}, {"type": "Feature", "geometry": {"type": "Point", "coordinates": [129.00439112099102, 36.05490444668178]}, "properties": {"node_id": "R180", "node_type": "road_backbone", "name": "임고하이패스IC(서측)", "latitude": 36.05490444668178, "longitude": 129.00439112099102, "x": 380609.3596000001, "y": 385996.6126000006, "original_node_id": "3570881901", "role": "anchor|named_interchange_or_intersection|branch|node_type_106", "nearest_backbone_node": "R180", "nearest_backbone_distance_km": 0.0, "connector_backbone_nodes": "R180"}}, {"type": "Feature", "geometry": {"type": "Point", "coordinates": [128.5643053923312, 35.235922159326385]}, "properties": {"node_id": "R181", "node_type": "road_backbone", "name": "서마산IC", "latitude": 35.235922159326385, "longitude": 128.5643053923312, "x": 342397.4562097555, "y": 294390.41194723593, "original_node_id": "4170024201", "role": "anchor|named_interchange_or_intersection|branch|node_type_106", "nearest_backbone_node": "R181", "nearest_backbone_distance_km": 0.0, "connector_backbone_nodes": "R181"}}, {"type": "Feature", "geometry": {"type": "Point", "coordinates": [127.44650802903824, 35.77158402565989]}, "properties": {"node_id": "R182", "node_type": "road_backbone", "name": "진안IC", "latitude": 35.77158402565989, "longitude": 127.44650802903824, "x": 240374.71530558492, "y": 352792.2899585127, "original_node_id": "3130018502", "role": "anchor|named_interchange_or_intersection|branch|node_type_106", "nearest_backbone_node": "R182", "nearest_backbone_distance_km": 0.0, "connector_backbone_nodes": "R182"}}, {"type": "Feature", "geometry": {"type": "Point", "coordinates": [129.1221119641349, 36.50269152404785]}, "properties": {"node_id": "R183", "node_type": "road_backbone", "name": "동청송영양IC교차로", "latitude": 36.50269152404785, "longitude": 129.1221119641349, "x": 390128.5871371848, "y": 435920.1906857367, "original_node_id": "3630087704", "role": "anchor|named_interchange_or_intersection|branch|node_type_106", "nearest_backbone_node": "R183", "nearest_backbone_distance_km": 0.0, "connector_backbone_nodes": "R183"}}, {"type": "Feature", "geometry": {"type": "Point", "coordinates": [129.23679603851727, 35.51218997561298]}, "properties": {"node_id": "R184", "node_type": "road_backbone", "name": "문수IC교차로", "latitude": 35.51218997561298, "longitude": 129.23679603851727, "x": 402929.3831169554, "y": 326221.54939099716, "original_node_id": "1960005809", "role": "anchor|named_interchange_or_intersection|branch|node_type_106", "nearest_backbone_node": "R184", "nearest_backbone_distance_km": 0.0, "connector_backbone_nodes": "R184"}}, {"type": "Feature", "geometry": {"type": "Point", "coordinates": [127.32906772733403, 37.66031407070023]}, "properties": {"node_id": "R185", "node_type": "road_backbone", "name": "달뫼IC", "latitude": 37.66031407070023, "longitude": 127.32906772733403, "x": 229035.67756117877, "y": 562348.0933614221, "original_node_id": "2220316200", "role": "anchor|named_interchange_or_intersection|branch|node_type_106", "nearest_backbone_node": "R185", "nearest_backbone_distance_km": 0.0, "connector_backbone_nodes": "R185"}}, {"type": "Feature", "geometry": {"type": "Point", "coordinates": [128.04621881235678, 37.90945860412725]}, "properties": {"node_id": "R186", "node_type": "road_backbone", "name": "원거교차로", "latitude": 37.90945860412725, "longitude": 128.04621881235678, "x": 292006.1027704375, "y": 590466.4516654216, "original_node_id": "2570133201", "role": "anchor|named_interchange_or_intersection|branch|node_type_106", "nearest_backbone_node": "R186", "nearest_backbone_distance_km": 0.0, "connector_backbone_nodes": "R186"}}, {"type": "Feature", "geometry": {"type": "Point", "coordinates": [128.0931292604705, 37.97963938716758]}, "properties": {"node_id": "R187", "node_type": "road_backbone", "name": "유목교차로", "latitude": 37.97963938716758, "longitude": 128.0931292604705, "x": 296040.2010453876, "y": 598303.8749465076, "original_node_id": "2650053601", "role": "anchor|named_interchange_or_intersection|branch|node_type_106", "nearest_backbone_node": "R187", "nearest_backbone_distance_km": 0.0, "connector_backbone_nodes": "R187"}}, {"type": "Feature", "geometry": {"type": "Point", "coordinates": [126.78061324812649, 36.626643149641495]}, "properties": {"node_id": "R188", "node_type": "road_backbone", "name": "예산예당호휴게소하이패스IC", "latitude": 36.626643149641495, "longitude": 126.78061324812649, "x": 180376.94143984705, "y": 447602.41068481706, "original_node_id": "2980125001", "role": "anchor|named_interchange_or_intersection|branch|node_type_106", "nearest_backbone_node": "R188", "nearest_backbone_distance_km": 0.0, "connector_backbone_nodes": "R188"}}, {"type": "Feature", "geometry": {"type": "Point", "coordinates": [127.31984741213536, 35.55178512338973]}, "properties": {"node_id": "R189", "node_type": "road_backbone", "name": "오수IC", "latitude": 35.55178512338973, "longitude": 127.31984741213536, "x": 229000.9729955896, "y": 328360.10146782314, "original_node_id": "3160014501", "role": "anchor|named_interchange_or_intersection|branch|node_type_106", "nearest_backbone_node": "R189", "nearest_backbone_distance_km": 0.0, "connector_backbone_nodes": "R189"}}, {"type": "Feature", "geometry": {"type": "Point", "coordinates": [127.8650522051658, 37.394773934207514]}, "properties": {"node_id": "R190", "node_type": "road_backbone", "name": "서원주IC", "latitude": 37.394773934207514, "longitude": 127.8650522051658, "x": 276600.60744530894, "y": 533176.6919563513, "original_node_id": "2510248701", "role": "anchor|named_interchange_or_intersection|branch|node_type_106", "nearest_backbone_node": "R190", "nearest_backbone_distance_km": 0.0, "connector_backbone_nodes": "R190"}}, {"type": "Feature", "geometry": {"type": "Point", "coordinates": [127.04786493735034, 36.461893903926224]}, "properties": {"node_id": "R191", "node_type": "road_backbone", "name": "방흥교차로", "latitude": 36.461893903926224, "longitude": 127.04786493735034, "x": 204290.37285161536, "y": 429298.98322375095, "original_node_id": "2860180501", "role": "anchor|named_interchange_or_intersection|branch|node_type_106", "nearest_backbone_node": "R191", "nearest_backbone_distance_km": 0.0, "connector_backbone_nodes": "R191"}}, {"type": "Feature", "geometry": {"type": "Point", "coordinates": [128.83704063683513, 37.764191084907466]}, "properties": {"node_id": "R192", "node_type": "road_backbone", "name": "강릉JC", "latitude": 37.764191084907466, "longitude": 128.83704063683513, "x": 361874.0911642673, "y": 575416.1102796791, "original_node_id": "2520012902", "role": "anchor|named_interchange_or_intersection|branch|node_type_106", "nearest_backbone_node": "R192", "nearest_backbone_distance_km": 0.0, "connector_backbone_nodes": "R192"}}, {"type": "Feature", "geometry": {"type": "Point", "coordinates": [127.44460749126394, 37.52325270288406]}, "properties": {"node_id": "R193", "node_type": "road_backbone", "name": "양평IC", "latitude": 37.52325270288406, "longitude": 127.44460749126394, "x": 239302.52325030055, "y": 547177.7580366225, "original_node_id": "2400240102", "role": "anchor|named_interchange_or_intersection|branch|node_type_106", "nearest_backbone_node": "R193", "nearest_backbone_distance_km": 0.0, "connector_backbone_nodes": "R193"}}, {"type": "Feature", "geometry": {"type": "Point", "coordinates": [127.2115042796434, 37.88376224092043]}, "properties": {"node_id": "R194", "node_type": "road_backbone", "name": "포천IC교차로", "latitude": 37.88376224092043, "longitude": 127.2115042796434, "x": 218606.23561079355, "y": 587119.2342133565, "original_node_id": "2360209602", "role": "anchor|named_interchange_or_intersection|branch|node_type_106", "nearest_backbone_node": "R194", "nearest_backbone_distance_km": 0.0, "connector_backbone_nodes": "R194"}}, {"type": "Feature", "geometry": {"type": "Point", "coordinates": [128.60516667757454, 38.06386676303538]}, "properties": {"node_id": "R195", "node_type": "road_backbone", "name": "양양JC", "latitude": 38.06386676303538, "longitude": 128.60516667757454, "x": 340867.8447778226, "y": 608305.7828299454, "original_node_id": "2670088102", "role": "anchor|named_interchange_or_intersection|branch|node_type_106", "nearest_backbone_node": "R195", "nearest_backbone_distance_km": 0.0, "connector_backbone_nodes": "R195"}}, {"type": "Feature", "geometry": {"type": "Point", "coordinates": [128.5853079274351, 38.15237303656088]}, "properties": {"node_id": "R196", "node_type": "road_backbone", "name": "북양양IC", "latitude": 38.15237303656088, "longitude": 128.5853079274351, "x": 338957.1401414308, "y": 618100.827765836, "original_node_id": "2670087502", "role": "anchor|named_interchange_or_intersection|branch|node_type_106", "nearest_backbone_node": "R196", "nearest_backbone_distance_km": 0.0, "connector_backbone_nodes": "R196"}}, {"type": "Feature", "geometry": {"type": "Point", "coordinates": [126.76072011073605, 37.38360859528484]}, "properties": {"node_id": "R197", "node_type": "road_backbone", "name": "월곶JC(남측)", "latitude": 37.38360859528484, "longitude": 126.76072011073605, "x": 178808.7554193392, "y": 531613.1801182856, "original_node_id": "2240004502", "role": "anchor|named_interchange_or_intersection|branch|node_type_106", "nearest_backbone_node": "R197", "nearest_backbone_distance_km": 0.0, "connector_backbone_nodes": "R197"}}, {"type": "Feature", "geometry": {"type": "Point", "coordinates": [129.00662345392192, 35.91710485897675]}, "properties": {"node_id": "R198", "node_type": "road_backbone", "name": "영천JC", "latitude": 35.91710485897675, "longitude": 129.00662345392192, "x": 381125.37181694194, "y": 370707.7625644519, "original_node_id": "3570850802", "role": "anchor|named_interchange_or_intersection|branch|node_type_106", "nearest_backbone_node": "R198", "nearest_backbone_distance_km": 0.0, "connector_backbone_nodes": "R198"}}, {"type": "Feature", "geometry": {"type": "Point", "coordinates": [126.89050547886336, 37.67371180129533]}, "properties": {"node_id": "R199", "node_type": "road_backbone", "name": "통일로IC", "latitude": 37.67371180129533, "longitude": 126.89050547886336, "x": 190340.370884598, "y": 563789.806930665, "original_node_id": "2180044101", "role": "anchor|named_interchange_or_intersection|branch|node_type_106", "nearest_backbone_node": "R199", "nearest_backbone_distance_km": 0.0, "connector_backbone_nodes": "R199"}}, {"type": "Feature", "geometry": {"type": "Point", "coordinates": [128.0726756363737, 37.45140031702426]}, "properties": {"node_id": "R200", "node_type": "road_backbone", "name": "새말IC앞", "latitude": 37.45140031702426, "longitude": 128.0726756363737, "x": 294914.71909880155, "y": 539650.5232748854, "original_node_id": "2580005008", "role": "anchor|named_interchange_or_intersection|branch|node_type_106", "nearest_backbone_node": "R200", "nearest_backbone_distance_km": 0.0, "connector_backbone_nodes": "R200"}}, {"type": "Feature", "geometry": {"type": "Point", "coordinates": [126.64935420063514, 37.48962289759742]}, "properties": {"node_id": "D01", "node_type": "depot", "name": "인천 산업재 물류센터", "latitude": 37.48962289759742, "longitude": 126.64935420063514, "x": 168989.648294697, "y": 543410.1533357075, "original_node_id": "", "role": "수도권 Depot", "nearest_backbone_node": "R179", "nearest_backbone_distance_km": 17.158134, "connector_backbone_nodes": "R179;R197;R141"}}, {"type": "Feature", "geometry": {"type": "Point", "coordinates": [126.69850622314512, 36.97369730864784]}, "properties": {"node_id": "D02", "node_type": "depot", "name": "당진 산업재 물류센터", "latitude": 36.97369730864784, "longitude": 126.69850622314512, "x": 173154.26102941512, "y": 486136.450148143, "original_node_id": "", "role": "충청권 Depot", "nearest_backbone_node": "R128", "nearest_backbone_distance_km": 19.198614, "connector_backbone_nodes": "R128;R147;R115"}}, {"type": "Feature", "geometry": {"type": "Point", "coordinates": [129.38195554856236, 35.95049924084424]}, "properties": {"node_id": "D03", "node_type": "depot", "name": "포항 산업재 물류센터", "latitude": 35.95049924084424, "longitude": 129.38195554856236, "x": 414919.4362227108, "y": 375175.78670306405, "original_node_id": "", "role": "경북권 Depot", "nearest_backbone_node": "R160", "nearest_backbone_distance_km": 1.460335, "connector_backbone_nodes": "R160;R162;R198"}}, {"type": "Feature", "geometry": {"type": "Point", "coordinates": [129.36589031926067, 35.57681435398278]}, "properties": {"node_id": "D04", "node_type": "depot", "name": "울산 산업재 물류센터", "latitude": 35.57681435398278, "longitude": 129.36589031926067, "x": 414471.0915785977, "y": 333667.1171689473, "original_node_id": "", "role": "울산·경남권 Depot", "nearest_backbone_node": "R156", "nearest_backbone_distance_km": 16.001653, "connector_backbone_nodes": "R156;R184;R160"}}, {"type": "Feature", "geometry": {"type": "Point", "coordinates": [127.57967538708174, 34.93599270475211]}, "properties": {"node_id": "D05", "node_type": "depot", "name": "광양 산업재 물류센터", "latitude": 34.93599270475211, "longitude": 127.57967538708174, "x": 252958.92433316988, "y": 260147.35822556904, "original_node_id": "", "role": "전남권 Depot", "nearest_backbone_node": "R139", "nearest_backbone_distance_km": 9.828481, "connector_backbone_nodes": "R139;R151;R153"}}, {"type": "Feature", "geometry": {"type": "Point", "coordinates": [126.47470651425724, 34.86509890602718]}, "properties": {"node_id": "C001", "node_type": "customer", "name": "Synthetic Customer 001", "latitude": 34.86509890602718, "longitude": 126.47470651425724, "x": "", "y": "", "original_node_id": "", "role": "synthetic_customer", "nearest_backbone_node": "R175", "nearest_backbone_distance_km": 0.75146, "connector_backbone_nodes": "R175;R168;R176"}}, {"type": "Feature", "geometry": {"type": "Point", "coordinates": [129.3939524270045, 35.940094497361464]}, "properties": {"node_id": "C002", "node_type": "customer", "name": "Synthetic Customer 002", "latitude": 35.940094497361464, "longitude": 129.3939524270045, "x": "", "y": "", "original_node_id": "", "role": "synthetic_customer", "nearest_backbone_node": "R160", "nearest_backbone_distance_km": 0.754174, "connector_backbone_nodes": "R160;R162;R198"}}, {"type": "Feature", "geometry": {"type": "Point", "coordinates": [127.30544926273639, 34.84395341619866]}, "properties": {"node_id": "C003", "node_type": "customer", "name": "Synthetic Customer 003", "latitude": 34.84395341619866, "longitude": 127.30544926273639, "x": "", "y": "", "original_node_id": "", "role": "synthetic_customer", "nearest_backbone_node": "R170", "nearest_backbone_distance_km": 0.752338, "connector_backbone_nodes": "R170;R150;R139"}}, {"type": "Feature", "geometry": {"type": "Point", "coordinates": [128.5785586176093, 38.15142779715036]}, "properties": {"node_id": "C004", "node_type": "customer", "name": "Synthetic Customer 004", "latitude": 38.15142779715036, "longitude": 128.5785586176093, "x": "", "y": "", "original_node_id": "", "role": "synthetic_customer", "nearest_backbone_node": "R196", "nearest_backbone_distance_km": 0.749317, "connector_backbone_nodes": "R196;R195;R187"}}, {"type": "Feature", "geometry": {"type": "Point", "coordinates": [128.16227404790047, 36.58452663832817]}, "properties": {"node_id": "C005", "node_type": "customer", "name": "Synthetic Customer 005", "latitude": 36.58452663832817, "longitude": 128.16227404790047, "x": "", "y": "", "original_node_id": "", "role": "synthetic_customer", "nearest_backbone_node": "R001", "nearest_backbone_distance_km": 0.750628, "connector_backbone_nodes": "R001;R003;R004"}}, {"type": "Feature", "geometry": {"type": "Point", "coordinates": [126.49230143072418, 37.487450604976864]}, "properties": {"node_id": "C006", "node_type": "customer", "name": "Synthetic Customer 006", "latitude": 37.487450604976864, "longitude": 126.49230143072418, "x": "", "y": "", "original_node_id": "", "role": "synthetic_customer", "nearest_backbone_node": "R179", "nearest_backbone_distance_km": 0.753871, "connector_backbone_nodes": "R179;R197;R141"}}, {"type": "Feature", "geometry": {"type": "Point", "coordinates": [126.7950059690857, 36.007535139329974]}, "properties": {"node_id": "C007", "node_type": "customer", "name": "Synthetic Customer 007", "latitude": 36.007535139329974, "longitude": 126.7950059690857, "x": "", "y": "", "original_node_id": "", "role": "synthetic_customer", "nearest_backbone_node": "R083", "nearest_backbone_distance_km": 0.753147, "connector_backbone_nodes": "R083;R118;R165"}}, {"type": "Feature", "geometry": {"type": "Point", "coordinates": [128.39366541546843, 35.29125998686533]}, "properties": {"node_id": "C008", "node_type": "customer", "name": "Synthetic Customer 008", "latitude": 35.29125998686533, "longitude": 128.39366541546843, "x": "", "y": "", "original_node_id": "", "role": "synthetic_customer", "nearest_backbone_node": "R131", "nearest_backbone_distance_km": 0.749747, "connector_backbone_nodes": "R131;R181;R097"}}, {"type": "Feature", "geometry": {"type": "Point", "coordinates": [127.7501224623582, 37.40149629188419]}, "properties": {"node_id": "C009", "node_type": "customer", "name": "Synthetic Customer 009", "latitude": 37.40149629188419, "longitude": 127.7501224623582, "x": "", "y": "", "original_node_id": "", "role": "synthetic_customer", "nearest_backbone_node": "R158", "nearest_backbone_distance_km": 0.749887, "connector_backbone_nodes": "R158;R190;R145"}}, {"type": "Feature", "geometry": {"type": "Point", "coordinates": [127.04768520267434, 36.79116365959676]}, "properties": {"node_id": "C010", "node_type": "customer", "name": "Synthetic Customer 010", "latitude": 36.79116365959676, "longitude": 127.04768520267434, "x": "", "y": "", "original_node_id": "", "role": "synthetic_customer", "nearest_backbone_node": "R173", "nearest_backbone_distance_km": 0.753311, "connector_backbone_nodes": "R173;R063;R029"}}, {"type": "Feature", "geometry": {"type": "Point", "coordinates": [127.64852145217739, 35.849453291115225]}, "properties": {"node_id": "C011", "node_type": "customer", "name": "Synthetic Customer 011", "latitude": 35.849453291115225, "longitude": 127.64852145217739, "x": "", "y": "", "original_node_id": "", "role": "synthetic_customer", "nearest_backbone_node": "R132", "nearest_backbone_distance_km": 0.753759, "connector_backbone_nodes": "R132;R159;R182"}}, {"type": "Feature", "geometry": {"type": "Point", "coordinates": [127.20559589608709, 37.88104125585899]}, "properties": {"node_id": "C012", "node_type": "customer", "name": "Synthetic Customer 012", "latitude": 37.88104125585899, "longitude": 127.20559589608709, "x": "", "y": "", "original_node_id": "", "role": "synthetic_customer", "nearest_backbone_node": "R194", "nearest_backbone_distance_km": 0.750443, "connector_backbone_nodes": "R194;R116;R185"}}, {"type": "Feature", "geometry": {"type": "Point", "coordinates": [128.58954580122779, 35.90840661233907]}, "properties": {"node_id": "C013", "node_type": "customer", "name": "Synthetic Customer 013", "latitude": 35.90840661233907, "longitude": 128.58954580122779, "x": "", "y": "", "original_node_id": "", "role": "synthetic_customer", "nearest_backbone_node": "R103", "nearest_backbone_distance_km": 0.749397, "connector_backbone_nodes": "R103;R026;R102"}}, {"type": "Feature", "geometry": {"type": "Point", "coordinates": [129.11825526615374, 36.50713033934257]}, "properties": {"node_id": "C014", "node_type": "customer", "name": "Synthetic Customer 014", "latitude": 36.50713033934257, "longitude": 129.11825526615374, "x": "", "y": "", "original_node_id": "", "role": "synthetic_customer", "nearest_backbone_node": "R183", "nearest_backbone_distance_km": 0.752537, "connector_backbone_nodes": "R183;R123;R154"}}, {"type": "Feature", "geometry": {"type": "Point", "coordinates": [126.80749071168157, 35.32805396394626]}, "properties": {"node_id": "C015", "node_type": "customer", "name": "Synthetic Customer 015", "latitude": 35.32805396394626, "longitude": 126.80749071168157, "x": "", "y": "", "original_node_id": "", "role": "synthetic_customer", "nearest_backbone_node": "R122", "nearest_backbone_distance_km": 0.75413, "connector_backbone_nodes": "R122;R137;R152"}}, {"type": "Feature", "geometry": {"type": "Point", "coordinates": [128.4993920963733, 37.639975897312475]}, "properties": {"node_id": "C016", "node_type": "customer", "name": "Synthetic Customer 016", "latitude": 37.639975897312475, "longitude": 128.4993920963733, "x": "", "y": "", "original_node_id": "", "role": "synthetic_customer", "nearest_backbone_node": "R169", "nearest_backbone_distance_km": 0.751252, "connector_backbone_nodes": "R169;R192;R200"}}, {"type": "Feature", "geometry": {"type": "Point", "coordinates": [127.09163052197864, 37.402507105810955]}, "properties": {"node_id": "C017", "node_type": "customer", "name": "Synthetic Customer 017", "latitude": 37.402507105810955, "longitude": 127.09163052197864, "x": "", "y": "", "original_node_id": "", "role": "synthetic_customer", "nearest_backbone_node": "R085", "nearest_backbone_distance_km": 0.749166, "connector_backbone_nodes": "R085;R125;R113"}}, {"type": "Feature", "geometry": {"type": "Point", "coordinates": [127.6974324214799, 36.90980535797331]}, "properties": {"node_id": "C018", "node_type": "customer", "name": "Synthetic Customer 018", "latitude": 36.90980535797331, "longitude": 127.6974324214799, "x": "", "y": "", "original_node_id": "", "role": "synthetic_customer", "nearest_backbone_node": "R089", "nearest_backbone_distance_km": 0.751686, "connector_backbone_nodes": "R089;R077;R023"}}, {"type": "Feature", "geometry": {"type": "Point", "coordinates": [128.98319921031865, 35.25925413307043]}, "properties": {"node_id": "C019", "node_type": "customer", "name": "Synthetic Customer 019", "latitude": 35.25925413307043, "longitude": 128.98319921031865, "x": "", "y": "", "original_node_id": "", "role": "synthetic_customer", "nearest_backbone_node": "R091", "nearest_backbone_distance_km": 0.754202, "connector_backbone_nodes": "R091;R120;R157"}}, {"type": "Feature", "geometry": {"type": "Point", "coordinates": [127.37590168550003, 36.40656227733448]}, "properties": {"node_id": "C020", "node_type": "customer", "name": "Synthetic Customer 020", "latitude": 36.40656227733448, "longitude": 127.37590168550003, "x": "", "y": "", "original_node_id": "", "role": "synthetic_customer", "nearest_backbone_node": "R124", "nearest_backbone_distance_km": 0.752151, "connector_backbone_nodes": "R124;R106;R096"}}, {"type": "Feature", "geometry": {"type": "Point", "coordinates": [128.10131096183073, 36.13267567616236]}, "properties": {"node_id": "C021", "node_type": "customer", "name": "Synthetic Customer 021", "latitude": 36.13267567616236, "longitude": 128.10131096183073, "x": "", "y": "", "original_node_id": "", "role": "synthetic_customer", "nearest_backbone_node": "R011", "nearest_backbone_distance_km": 0.749245, "connector_backbone_nodes": "R011;R038;R007"}}, {"type": "Feature", "geometry": {"type": "Point", "coordinates": [127.3966937636112, 35.43596030394814]}, "properties": {"node_id": "C022", "node_type": "customer", "name": "Synthetic Customer 022", "latitude": 35.43596030394814, "longitude": 127.3966937636112, "x": "", "y": "", "original_node_id": "", "role": "synthetic_customer", "nearest_backbone_node": "R119", "nearest_backbone_distance_km": 0.750801, "connector_backbone_nodes": "R119;R126;R189"}}, {"type": "Feature", "geometry": {"type": "Point", "coordinates": [128.04771881166903, 37.904164796006626]}, "properties": {"node_id": "C023", "node_type": "customer", "name": "Synthetic Customer 023", "latitude": 37.904164796006626, "longitude": 128.04771881166903, "x": "", "y": "", "original_node_id": "", "role": "synthetic_customer", "nearest_backbone_node": "R186", "nearest_backbone_distance_km": 0.753971, "connector_backbone_nodes": "R186;R187;R178"}}, {"type": "Feature", "geometry": {"type": "Point", "coordinates": [127.81461507505902, 35.00532317834238]}, "properties": {"node_id": "C024", "node_type": "customer", "name": "Synthetic Customer 024", "latitude": 35.00532317834238, "longitude": 127.81461507505902, "x": "", "y": "", "original_node_id": "", "role": "synthetic_customer", "nearest_backbone_node": "R153", "nearest_backbone_distance_km": 0.752962, "connector_backbone_nodes": "R153;R151;R139"}}, {"type": "Feature", "geometry": {"type": "Point", "coordinates": [128.17417778433065, 37.075528511577055]}, "properties": {"node_id": "C025", "node_type": "customer", "name": "Synthetic Customer 025", "latitude": 37.075528511577055, "longitude": 128.17417778433065, "x": "", "y": "", "original_node_id": "", "role": "synthetic_customer", "nearest_backbone_node": "R114", "nearest_backbone_distance_km": 0.749634, "connector_backbone_nodes": "R114;R167;R117"}}, {"type": "Feature", "geometry": {"type": "Point", "coordinates": [128.6246352841024, 36.42477480789192]}, "properties": {"node_id": "C026", "node_type": "customer", "name": "Synthetic Customer 026", "latitude": 36.42477480789192, "longitude": 128.6246352841024, "x": "", "y": "", "original_node_id": "", "role": "synthetic_customer", "nearest_backbone_node": "R148", "nearest_backbone_distance_km": 0.750059, "connector_backbone_nodes": "R148;R172;R071"}}, {"type": "Feature", "geometry": {"type": "Point", "coordinates": [126.56685029668455, 36.81793077363376]}, "properties": {"node_id": "C027", "node_type": "customer", "name": "Synthetic Customer 027", "latitude": 36.81793077363376, "longitude": 126.56685029668455, "x": "", "y": "", "original_node_id": "", "role": "synthetic_customer", "nearest_backbone_node": "R147", "nearest_backbone_distance_km": 0.753457, "connector_backbone_nodes": "R147;R188;R128"}}, {"type": "Feature", "geometry": {"type": "Point", "coordinates": [128.18821393010631, 35.691248733574405]}, "properties": {"node_id": "C028", "node_type": "customer", "name": "Synthetic Customer 028", "latitude": 35.691248733574405, "longitude": 128.18821393010631, "x": "", "y": "", "original_node_id": "", "role": "synthetic_customer", "nearest_backbone_node": "R138", "nearest_backbone_distance_km": 0.753639, "connector_backbone_nodes": "R138;R133;R094"}}, {"type": "Feature", "geometry": {"type": "Point", "coordinates": [128.53301978785362, 36.85093037519596]}, "properties": {"node_id": "C029", "node_type": "customer", "name": "Synthetic Customer 029", "latitude": 36.85093037519596, "longitude": 128.53301978785362, "x": "", "y": "", "original_node_id": "", "role": "synthetic_customer", "nearest_backbone_node": "R140", "nearest_backbone_distance_km": 0.750246, "connector_backbone_nodes": "R140;R166;R174"}}, {"type": "Feature", "geometry": {"type": "Point", "coordinates": [126.75887512711745, 37.854088474004946]}, "properties": {"node_id": "C030", "node_type": "customer", "name": "Synthetic Customer 030", "latitude": 37.854088474004946, "longitude": 126.75887512711745, "x": "", "y": "", "original_node_id": "", "role": "synthetic_customer", "nearest_backbone_node": "R177", "nearest_backbone_distance_km": 0.749481, "connector_backbone_nodes": "R177;R199;R116"}}, {"type": "Feature", "geometry": {"type": "Point", "coordinates": [127.82543130593605, 35.478975584115]}, "properties": {"node_id": "C031", "node_type": "customer", "name": "Synthetic Customer 031", "latitude": 35.478975584115, "longitude": 127.82543130593605, "x": "", "y": "", "original_node_id": "", "role": "synthetic_customer", "nearest_backbone_node": "R130", "nearest_backbone_distance_km": 0.752743, "connector_backbone_nodes": "R130;R112;R127"}}, {"type": "Feature", "geometry": {"type": "Point", "coordinates": [129.29126335969636, 35.484932668470904]}, "properties": {"node_id": "C032", "node_type": "customer", "name": "Synthetic Customer 032", "latitude": 35.484932668470904, "longitude": 129.29126335969636, "x": "", "y": "", "original_node_id": "", "role": "synthetic_customer", "nearest_backbone_node": "R156", "nearest_backbone_distance_km": 0.754068, "connector_backbone_nodes": "R156;R184;R091"}}, {"type": "Feature", "geometry": {"type": "Point", "coordinates": [128.9991206806346, 36.05158136640794]}, "properties": {"node_id": "C033", "node_type": "customer", "name": "Synthetic Customer 033", "latitude": 36.05158136640794, "longitude": 128.9991206806346, "x": "", "y": "", "original_node_id": "", "role": "synthetic_customer", "nearest_backbone_node": "R180", "nearest_backbone_distance_km": 0.751068, "connector_backbone_nodes": "R180;R198;R067"}}, {"type": "Feature", "geometry": {"type": "Point", "coordinates": [127.448329565404, 37.18702651889031]}, "properties": {"node_id": "C034", "node_type": "customer", "name": "Synthetic Customer 034", "latitude": 37.18702651889031, "longitude": 127.448329565404, "x": "", "y": "", "original_node_id": "", "role": "synthetic_customer", "nearest_backbone_node": "R161", "nearest_backbone_distance_km": 0.749195, "connector_backbone_nodes": "R161;R006;R078"}}, {"type": "Feature", "geometry": {"type": "Point", "coordinates": [127.04758292791585, 36.22597759972437]}, "properties": {"node_id": "C035", "node_type": "customer", "name": "Synthetic Customer 035", "latitude": 36.22597759972437, "longitude": 127.04758292791585, "x": "", "y": "", "original_node_id": "", "role": "synthetic_customer", "nearest_backbone_node": "R108", "nearest_backbone_distance_km": 0.751877, "connector_backbone_nodes": "R108;R049;R072"}}, {"type": "Feature", "geometry": {"type": "Point", "coordinates": [128.8370749075667, 37.75876492305966]}, "properties": {"node_id": "C036", "node_type": "customer", "name": "Synthetic Customer 036", "latitude": 37.75876492305966, "longitude": 128.8370749075667, "x": "", "y": "", "original_node_id": "", "role": "synthetic_customer", "nearest_backbone_node": "R192", "nearest_backbone_distance_km": 0.754213, "connector_backbone_nodes": "R192;R169;R195"}}, {"type": "Feature", "geometry": {"type": "Point", "coordinates": [127.4462641799273, 36.71767480131752]}, "properties": {"node_id": "C037", "node_type": "customer", "name": "Synthetic Customer 037", "latitude": 36.71767480131752, "longitude": 127.4462641799273, "x": "", "y": "", "original_node_id": "", "role": "synthetic_customer", "nearest_backbone_node": "R087", "nearest_backbone_distance_km": 0.751927, "connector_backbone_nodes": "R087;R090;R075"}}, {"type": "Feature", "geometry": {"type": "Point", "coordinates": [127.44941964446919, 35.14776681606828]}, "properties": {"node_id": "C038", "node_type": "customer", "name": "Synthetic Customer 038", "latitude": 35.14776681606828, "longitude": 127.44941964446919, "x": "", "y": "", "original_node_id": "", "role": "synthetic_customer", "nearest_backbone_node": "R142", "nearest_backbone_distance_km": 0.749204, "connector_backbone_nodes": "R142;R139;R150"}}, {"type": "Feature", "geometry": {"type": "Point", "coordinates": [128.75185048605658, 35.65127396250952]}, "properties": {"node_id": "C039", "node_type": "customer", "name": "Synthetic Customer 039", "latitude": 35.65127396250952, "longitude": 128.75185048605658, "x": "", "y": "", "original_node_id": "", "role": "synthetic_customer", "nearest_backbone_node": "R144", "nearest_backbone_distance_km": 0.751019, "connector_backbone_nodes": "R144;R149;R081"}}, {"type": "Feature", "geometry": {"type": "Point", "coordinates": [126.76991811177632, 35.73407802292975]}, "properties": {"node_id": "C040", "node_type": "customer", "name": "Synthetic Customer 040", "latitude": 35.73407802292975, "longitude": 126.76991811177632, "x": "", "y": "", "original_node_id": "", "role": "synthetic_customer", "nearest_backbone_node": "R134", "nearest_backbone_distance_km": 0.75405, "connector_backbone_nodes": "R134;R171;R110"}}, {"type": "Feature", "geometry": {"type": "Point", "coordinates": [127.5129072203772, 36.10230618330572]}, "properties": {"node_id": "C041", "node_type": "customer", "name": "Synthetic Customer 041", "latitude": 36.10230618330572, "longitude": 127.5129072203772, "x": "", "y": "", "original_node_id": "", "role": "synthetic_customer", "nearest_backbone_node": "R129", "nearest_backbone_distance_km": 0.752789, "connector_backbone_nodes": "R129;R159;R155"}}, {"type": "Feature", "geometry": {"type": "Point", "coordinates": [126.87859636074948, 37.19222860283356]}, "properties": {"node_id": "C042", "node_type": "customer", "name": "Synthetic Customer 042", "latitude": 37.19222860283356, "longitude": 126.87859636074948, "x": "", "y": "", "original_node_id": "", "role": "synthetic_customer", "nearest_backbone_node": "R115", "nearest_backbone_distance_km": 0.749506, "connector_backbone_nodes": "R115;R128;R197"}}, {"type": "Feature", "geometry": {"type": "Point", "coordinates": [127.84649299811873, 37.67339044221278]}, "properties": {"node_id": "C043", "node_type": "customer", "name": "Synthetic Customer 043", "latitude": 37.67339044221278, "longitude": 127.84649299811873, "x": "", "y": "", "original_node_id": "", "role": "synthetic_customer", "nearest_backbone_node": "R146", "nearest_backbone_distance_km": 0.750204, "connector_backbone_nodes": "R146;R178;R190"}}, {"type": "Feature", "geometry": {"type": "Point", "coordinates": [127.71828296737687, 36.45234445218279]}, "properties": {"node_id": "C044", "node_type": "customer", "name": "Synthetic Customer 044", "latitude": 36.45234445218279, "longitude": 127.71828296737687, "x": "", "y": "", "original_node_id": "", "role": "synthetic_customer", "nearest_backbone_node": "R121", "nearest_backbone_distance_km": 0.753606, "connector_backbone_nodes": "R121;R096;R155"}}, {"type": "Feature", "geometry": {"type": "Point", "coordinates": [127.13966165229489, 37.049591696543764]}, "properties": {"node_id": "C045", "node_type": "customer", "name": "Synthetic Customer 045", "latitude": 37.049591696543764, "longitude": 127.13966165229489, "x": "", "y": "", "original_node_id": "", "role": "synthetic_customer", "nearest_backbone_node": "R016", "nearest_backbone_distance_km": 0.753493, "connector_backbone_nodes": "R016;R092;R025"}}, {"type": "Feature", "geometry": {"type": "Point", "coordinates": [127.43846689184178, 37.52092794001614]}, "properties": {"node_id": "C046", "node_type": "customer", "name": "Synthetic Customer 046", "latitude": 37.52092794001614, "longitude": 127.43846689184178, "x": "", "y": "", "original_node_id": "", "role": "synthetic_customer", "nearest_backbone_node": "R193", "nearest_backbone_distance_km": 0.750098, "connector_backbone_nodes": "R193;R185;R158"}}, {"type": "Feature", "geometry": {"type": "Point", "coordinates": [128.3268220434642, 36.314309727320136]}, "properties": {"node_id": "C047", "node_type": "customer", "name": "Synthetic Customer 047", "latitude": 36.314309727320136, "longitude": 128.3268220434642, "x": "", "y": "", "original_node_id": "", "role": "synthetic_customer", "nearest_backbone_node": "R065", "nearest_backbone_distance_km": 0.749605, "connector_backbone_nodes": "R065;R052;R018"}}, {"type": "Feature", "geometry": {"type": "Point", "coordinates": [128.08944878601244, 35.1445840180501]}, "properties": {"node_id": "C048", "node_type": "customer", "name": "Synthetic Customer 048", "latitude": 35.1445840180501, "longitude": 128.08944878601244, "x": "", "y": "", "original_node_id": "", "role": "synthetic_customer", "nearest_backbone_node": "R136", "nearest_backbone_distance_km": 0.752917, "connector_backbone_nodes": "R136;R135;R153"}}, {"type": "Feature", "geometry": {"type": "Point", "coordinates": [127.09569725326764, 35.94499014124132]}, "properties": {"node_id": "C049", "node_type": "customer", "name": "Synthetic Customer 049", "latitude": 35.94499014124132, "longitude": 127.09569725326764, "x": "", "y": "", "original_node_id": "", "role": "synthetic_customer", "nearest_backbone_node": "R022", "nearest_backbone_distance_km": 0.753992, "connector_backbone_nodes": "R022;R068;R069"}}, {"type": "Feature", "geometry": {"type": "Point", "coordinates": [128.5709238145302, 36.164534383199374]}, "properties": {"node_id": "C050", "node_type": "customer", "name": "Synthetic Customer 050", "latitude": 36.164534383199374, "longitude": 128.5709238145302, "x": "", "y": "", "original_node_id": "", "role": "synthetic_customer", "nearest_backbone_node": "R111", "nearest_backbone_distance_km": 0.750848, "connector_backbone_nodes": "R111;R073;R086"}}]}